#
# There is insufficient memory for the Java Runtime Environment to continue.
# Native memory allocation (malloc) failed to allocate 1070800 bytes. Error detail: Chunk::new
# Possible reasons:
#   The system is out of physical RAM or swap space
#   This process is running with CompressedOops enabled, and the Java Heap may be blocking the growth of the native heap
# Possible solutions:
#   Reduce memory load on the system
#   Increase physical memory or swap space
#   Check if swap backing store is full
#   Decrease Java heap size (-Xmx/-Xms)
#   Decrease number of Java threads
#   Decrease Java thread stack sizes (-Xss)
#   Set larger code cache with -XX:ReservedCodeCacheSize=
#   JVM is running with Unscaled Compressed Oops mode in which the Java heap is
#     placed in the first 4GB address space. The Java Heap base address is the
#     maximum limit for the native heap growth. Please use -XX:HeapBaseMinAddress
#     to set the Java Heap base and to place the Java Heap above 4GB virtual address.
# This output file may be truncated or incomplete.
#
#  Out of Memory Error (arena.cpp:168), pid=16024, tid=27384
#
# JRE version: OpenJDK Runtime Environment Temurin-21.0.12.1+1 (21.0.12.1+1) (build 21.0.12.1+1-LTS)
# Java VM: OpenJDK 64-Bit Server VM Temurin-21.0.12.1+1 (21.0.12.1+1-LTS, mixed mode, sharing, tiered, compressed oops, compressed class ptrs, parallel gc, windows-amd64)
# No core dump will be written. Minidumps are not enabled by default on client versions of Windows
#

---------------  S U M M A R Y ------------

Command Line: --add-modules=ALL-SYSTEM --add-opens=java.base/java.util=ALL-UNNAMED --add-opens=java.base/java.lang=ALL-UNNAMED --add-opens=java.base/sun.nio.fs=ALL-UNNAMED -Declipse.application=org.eclipse.jdt.ls.core.id1 -Dosgi.bundles.defaultStartLevel=4 -Declipse.product=org.eclipse.jdt.ls.core.product -Djava.import.generatesMetadataFilesAtProjectRoot=false -Dm2e.project.cache.size=50 -DDetectVMInstallationsJob.disabled=true -Dfile.encoding=utf8 -XX:+UseParallelGC -XX:GCTimeRatio=4 -XX:AdaptiveSizePolicyWeight=90 -Dsun.zip.disableMemoryMapping=true -Xmx2G -Xms100m -Xlog:disable -javaagent:c:\Users\jhoni\.vscode\extensions\redhat.java-1.56.0-win32-x64\lombok\lombok-1.18.39-4050.jar -XX:+HeapDumpOnOutOfMemoryError -XX:HeapDumpPath=c:\Users\jhoni\AppData\Roaming\Code\User\workspaceStorage\85f12ed82ad2f3252b2363eaeb881379\redhat.java -Daether.dependencyCollector.impl=bf c:\Users\jhoni\.vscode\extensions\redhat.java-1.56.0-win32-x64\server\plugins\org.eclipse.equinox.launcher_1.8.0.v20260804-1928.jar -configuration c:\Users\jhoni\AppData\Roaming\Code\User\globalStorage\redhat.java\1.56.0\config_win -data c:\Users\jhoni\AppData\Roaming\Code\User\workspaceStorage\85f12ed82ad2f3252b2363eaeb881379\redhat.java\jdt_ws --stdio

Host: 13th Gen Intel(R) Core(TM) i5-1335U, 12 cores, 7G,  Windows 11 , 64 bit Build 26100 (10.0.26100.8575)
Time: Sat Sep 12 15:33:19 2026 Malay Peninsula Standard Time elapsed time: 1135.538677 seconds (0d 0h 18m 55s)

---------------  T H R E A D  ---------------

Current thread (0x000002906e1dd870):  JavaThread "C2 CompilerThread0" daemon [_thread_in_native, id=27384, stack(0x000000f695000000,0x000000f695100000) (1024K)]


Current CompileTask:
C2:1135540 23546 % !   4       org.eclipse.jdt.internal.core.ClasspathEntry::validateClasspath @ 1128 (2720 bytes)

Stack: [0x000000f695000000,0x000000f695100000]
Native frames: (J=compiled Java code, j=interpreted, Vv=VM code, C=native code)
V  [jvm.dll+0x6d83e9]
V  [jvm.dll+0x8b5736]
V  [jvm.dll+0x8b7cee]
V  [jvm.dll+0x8b83d3]
V  [jvm.dll+0x284596]
V  [jvm.dll+0xc685d]
V  [jvm.dll+0xc6da1]
V  [jvm.dll+0x3bf18b]
V  [jvm.dll+0x38b6d2]
V  [jvm.dll+0x38ab1a]
V  [jvm.dll+0x24c700]
V  [jvm.dll+0x24bce0]
V  [jvm.dll+0x1cb4ae]
V  [jvm.dll+0x25baad]
V  [jvm.dll+0x25a03a]
V  [jvm.dll+0x3f8aae]
V  [jvm.dll+0x8600cd]
V  [jvm.dll+0x6d6c1d]
C  [ucrtbase.dll+0x2cd30]
C  [KERNEL32.DLL+0x2e957]
C  [ntdll.dll+0xaad6c]


---------------  P R O C E S S  ---------------

Threads class SMR info:
_java_thread_list=0x00000290621988d0, length=1004, elements={
0x000002906bed57f0, 0x000002906e1c96f0, 0x000002906e1cc620, 0x000002906e1d14a0,
0x000002906e1d4a30, 0x000002906e1d55c0, 0x000002906e1d68f0, 0x000002906e1dd870,
0x0000029076f8a2d0, 0x00000290771981c0, 0x00000290773204e0, 0x000002907c86c300,
0x000002907c94d1b0, 0x000002907c94e560, 0x000002907c94ebf0, 0x000002907c94be00,
0x000002907cf8bc60, 0x000002907cf8c980, 0x000002907cf8ea50, 0x000002907cf8b5d0,
0x000002907cf8f0e0, 0x000002907cf92bf0, 0x000002907cf8fe00, 0x000002907cf91ed0,
0x000002907c94c490, 0x000002907c94f280, 0x000002907c94d840, 0x000002907e9269f0,
0x000002907eed6c90, 0x000002907eed93f0, 0x000002907eed8040, 0x000002907eed86d0,
0x000002907eed5f70, 0x000002907eedc870, 0x000002907c473e90, 0x000002907c474bb0,
0x000002907c4758d0, 0x000002907c472450, 0x000002907c478d50, 0x000002907c477310,
0x000002907e923570, 0x000002907e922850, 0x000002907e922ee0, 0x000002907e920e10,
0x000002907e927710, 0x000002907e925640, 0x000002907e927080, 0x000002907eed6600,
0x000002907eed7320, 0x000002907eedae30, 0x000002907c472ae0, 0x000002907c471dc0,
0x000002907c478030, 0x000002907c4779a0, 0x000002907e921b30, 0x000002907e926360,
0x000002907c476c80, 0x000002907eeda110, 0x000002907cf8dd30, 0x000002907cf8f770,
0x000002907cf8c2f0, 0x000002907cf8e3c0, 0x000002907c474520, 0x000002907c4786c0,
0x000002907c475240, 0x000002907c4793e0, 0x000002907eed8d60, 0x000002907eedb4c0,
0x000002907cf8d010, 0x000002907cf8d6a0, 0x000002907c94ded0, 0x000002907c473800,
0x0000029061b84fd0, 0x0000029061b82870, 0x0000029061b821e0, 0x0000029061b85cf0,
0x0000029061b85660, 0x0000029061b82f00, 0x0000029061b870a0, 0x0000029061b87dc0,
0x0000029061b84940, 0x0000029061b88450, 0x0000029061b88ae0, 0x0000029061b89170,
0x0000029061b89800, 0x000002907e920780, 0x000002907e9221c0, 0x000002907e924920,
0x000002907e924fb0, 0x000002907eedc1e0, 0x0000029061b842b0, 0x000002907e5b9690,
0x000002907e5b9d20, 0x000002907e5ba3b0, 0x000002907e5bc480, 0x000002907e5bebe0,
0x000002907e5bf270, 0x000002907e5bf900, 0x000002907e5bd830, 0x000002907e5bdec0,
0x000002907e5be550, 0x000002907e5bbdf0, 0x000002907e5bcb10, 0x000002907e5bd1a0,
0x000002907e5baa40, 0x000002907cf90490, 0x000002907e5bb0d0, 0x000002907e5b82e0,
0x0000029062d43130, 0x0000029062d437c0, 0x0000029062d444e0, 0x0000029062d41d80,
0x0000029062d43e50, 0x0000029062d42410, 0x0000029062d44b70, 0x0000029062d45890,
0x0000029062d45f20, 0x0000029062d42aa0, 0x0000029062d48680, 0x0000029062d47ff0,
0x0000029062d46c40, 0x0000029062d465b0, 0x0000029062d47960, 0x0000029061b83590,
0x0000029061b83c20, 0x000002907e5b9000, 0x0000029062d493a0, 0x000002907e5bb760,
0x000002907e924290, 0x0000029062d45200, 0x00000290620116e0, 0x0000029062013e40,
0x00000290620137b0, 0x0000029062011d70, 0x0000029062012a90, 0x00000290620109c0,
0x0000029062d472d0, 0x0000029080bf2850, 0x0000029080bf2ee0, 0x0000029080bf0e10,
0x0000029080bf3570, 0x0000029080bf00f0, 0x0000029080bf0780, 0x0000029080bf7080,
0x0000029080bf4290, 0x0000029080bf4920, 0x0000029080bf69f0, 0x0000029080bf3c00,
0x0000029080bf14a0, 0x0000029080bf4fb0, 0x0000029080bf6360, 0x0000029062011050,
0x0000029062013120, 0x00000290806e12c0, 0x00000290806e2d00, 0x00000290806e1950,
0x00000290806e3390, 0x00000290806e40b0, 0x00000290806e0c30, 0x00000290806e4dd0,
0x00000290806e5460, 0x00000290806dff10, 0x00000290806e05a0, 0x00000290806e4740,
0x00000290806e7bc0, 0x00000290806e6180, 0x00000290806e9600, 0x00000290806e8f70,
0x00000290806e2670, 0x00000290806e6810, 0x00000290806e6ea0, 0x00000290806e9c90,
0x00000290806ea9b0, 0x00000290806e88e0, 0x00000290806ea320, 0x00000290806e7530,
0x00000290806e8250, 0x00000290806e3a20, 0x00000290806ed7a0, 0x00000290806eb040,
0x00000290806ed110, 0x00000290806ede30, 0x00000290806e5af0, 0x00000290806ebd60,
0x00000290806eeb50, 0x00000290806ec3f0, 0x00000290806eca80, 0x0000029080bf21c0,
0x0000029080bf1b30, 0x0000029080bf5640, 0x0000029080bf5cd0, 0x00000290806ee4c0,
0x0000029080bf7710, 0x000002906afaa9d0, 0x000002906afab060, 0x000002906afab6f0,
0x000002906afa9cb0, 0x000002906afa9620, 0x000002906afac410, 0x000002906afade50,
0x000002906afaa340, 0x000002906afaeb70, 0x000002906afae4e0, 0x000002906afad130,
0x000002906afaf200, 0x000002906afaf890, 0x000002906afb05b0, 0x000002906afb0c40,
0x00000290806eb6d0, 0x00000290806ef1e0, 0x000002906af96740, 0x000002906af96dd0,
0x000002906af97460, 0x000002906af98810, 0x000002906af98ea0, 0x000002906af960b0,
0x000002906af9c9b0, 0x000002906af99bc0, 0x000002906af97af0, 0x000002906af9a250,
0x000002906af9af70, 0x000002906af99530, 0x000002906af9d040, 0x000002906af9d6d0,
0x000002906af98180, 0x000002906af9bc90, 0x000002906af9c320, 0x000002906af9b600,
0x000002906af9fe30, 0x000002906afa04c0, 0x000002906afa11e0, 0x000002906afa0b50,
0x000002906afa1870, 0x000002906af9a8e0, 0x000002906af9ea80, 0x000002906afa2590,
0x000002906af9f110, 0x000002906afa3940, 0x000002906afa2c20, 0x000002906afa32b0,
0x000002906afa1f00, 0x000002906afa4660, 0x000002906afa4cf0, 0x000002906afa5380,
0x000002906afabd80, 0x000002906af9e3f0, 0x000002906af9f7a0, 0x000002906afad7c0,
0x0000029062e45f80, 0x0000029062e44bd0, 0x0000029062e458f0, 0x0000029062e46ca0,
0x0000029062e46610, 0x0000029062e47330, 0x0000029062e48050, 0x0000029062e49400,
0x0000029062e4c1f0, 0x0000029062e4bb60, 0x0000029062e4a7b0, 0x0000029062e45260,
0x0000029062e48d70, 0x0000029062e49a90, 0x0000029062e486e0, 0x0000029062e4a120,
0x000002906afaff20, 0x0000029062012400, 0x0000029062c08260, 0x0000029062c088f0,
0x0000029062c08f80, 0x0000029062c0bd70, 0x0000029062c0a330, 0x0000029062c0c400,
0x0000029062c0ca90, 0x0000029062c09610, 0x0000029062c09ca0, 0x0000029062c06820,
0x0000029062c0d7b0, 0x0000029062c0d120, 0x0000029062c0de40, 0x0000029062c0b6e0,
0x0000029062c0a9c0, 0x0000029062c0b050, 0x0000029062e4ae40, 0x000002906afa3fd0,
0x0000029080a1a710, 0x0000029080a19360, 0x0000029080a1a080, 0x0000029080a1ada0,
0x0000029080a1b430, 0x0000029080a1bac0, 0x0000029080a199f0, 0x0000029080a1e8b0,
0x0000029080a20980, 0x0000029080a1ef40, 0x0000029080a1f5d0, 0x0000029080a1ce70,
0x0000029080a1d500, 0x0000029080a202f0, 0x0000029080a1db90, 0x0000029080a21010,
0x0000029080a216a0, 0x0000029080a1fc60, 0x0000029080a1e220, 0x0000029080a1c150,
0x0000029080a23e00, 0x0000029080a251b0, 0x0000029080a23770, 0x0000029080a24490,
0x0000029080a230e0, 0x0000029080a1c7e0, 0x0000029080a21d30, 0x0000029080a223c0,
0x0000029080a28630, 0x0000029080a26bf0, 0x0000029080a26560, 0x0000029080a25ed0,
0x0000029080a24b20, 0x0000029080a22a50, 0x0000029080a25840, 0x0000029062e479c0,
0x0000029062c06eb0, 0x000002906269bb30, 0x000002906269cee0, 0x000002906269a780,
0x000002906269a0f0, 0x000002906269e290, 0x000002906269dc00, 0x000002906269d570,
0x000002906269ae10, 0x000002906269e920, 0x000002906269b4a0, 0x000002906269efb0,
0x000002906269c850, 0x00000290626a0360, 0x00000290626a2430, 0x00000290626a09f0,
0x00000290626a2ac0, 0x0000029062699a60, 0x000002906269fcd0, 0x00000290626a37e0,
0x00000290626a1da0, 0x00000290626a3150, 0x00000290626a4500, 0x000002906269f640,
0x00000290626a1080, 0x00000290626a1710, 0x00000290626a8010, 0x00000290626a65d0,
0x00000290626a6c60, 0x00000290626a86a0, 0x00000290626a5220, 0x00000290626a58b0,
0x00000290626a5f40, 0x00000290626a3e70, 0x00000290626a7980, 0x00000290626a4b90,
0x00000290626ac1b0, 0x00000290626a93c0, 0x00000290626abb20, 0x00000290626ac840,
0x00000290626ad560, 0x00000290626adbf0, 0x00000290626ae280, 0x00000290626aae00,
0x00000290626ae910, 0x00000290626ab490, 0x00000290626a9a50, 0x00000290626af630,
0x00000290626b09e0, 0x00000290626b3140, 0x00000290626b1070, 0x00000290626b1700,
0x00000290626b1d90, 0x00000290626b2420, 0x00000290626b0350, 0x00000290626b4b80,
0x00000290626b3e60, 0x00000290626b58a0, 0x00000290626b44f0, 0x00000290626b72e0,
0x00000290626b8000, 0x00000290626b65c0, 0x00000290626b6c50, 0x00000290626b8690,
0x00000290626b8d20, 0x00000290626a72f0, 0x00000290626b2ab0, 0x00000290626afcc0,
0x00000290626b5f30, 0x00000290626b7970, 0x0000029062e4b4d0, 0x00000290629b62f0,
0x00000290629b9e00, 0x00000290629b83c0, 0x00000290629b8a50, 0x00000290629b90e0,
0x00000290629b76a0, 0x00000290629b9770, 0x00000290629bd280, 0x00000290629bb840,
0x00000290629bab20, 0x00000290629b7d30, 0x00000290629b7010, 0x00000290629be630,
0x00000290629bbed0, 0x00000290629bb1b0, 0x00000290629becc0, 0x00000290629b6980,
0x00000290629bf350, 0x00000290629bf9e0, 0x00000290629c27d0, 0x00000290629c34f0,
0x00000290629c2e60, 0x00000290629c3b80, 0x00000290629c0070, 0x00000290629bc560,
0x00000290629c0d90, 0x00000290629c48a0, 0x00000290629c1ab0, 0x00000290629bcbf0,
0x00000290629c2140, 0x00000290629c1420, 0x00000290629c7690, 0x00000290629c7d20,
0x00000290629c4f30, 0x00000290629c7000, 0x00000290629c55c0, 0x00000290629c5c50,
0x00000290629c4210, 0x00000290629bdfa0, 0x00000290629c83b0, 0x00000290629c8a40,
0x00000290629c9760, 0x00000290629c62e0, 0x00000290629cb830, 0x00000290629c6970,
0x00000290629ca480, 0x00000290629bd910, 0x00000290629cab10, 0x00000290629cc550,
0x00000290629c90d0, 0x00000290629cf9d0, 0x00000290629ce620, 0x00000290629ccbe0,
0x00000290629cdf90, 0x00000290629cbec0, 0x00000290629cd270, 0x00000290629c9df0,
0x00000290629cecb0, 0x00000290629cf340, 0x00000290629cd900, 0x00000290629d0060,
0x00000290629d2130, 0x00000290629d27c0, 0x00000290629d3b70, 0x00000290629d06f0,
0x00000290629cb1a0, 0x00000290629d4200, 0x00000290629d0d80, 0x00000290629d2e50,
0x00000290629d34e0, 0x00000290629d55b0, 0x00000290626aced0, 0x00000290626aa0e0,
0x00000290626aa770, 0x00000290626b37d0, 0x00000290629d1aa0, 0x0000029080a27280,
0x0000029080a27fa0, 0x00000290626b5210, 0x000002906b0b8d80, 0x000002906b0b7340,
0x000002906b0b8060, 0x000002906b0b9aa0, 0x000002906b0b86f0, 0x000002906b0ba130,
0x000002906b0b6cb0, 0x000002906b0b6620, 0x000002906b0ba7c0, 0x000002906b0b9410,
0x000002906b0bae50, 0x000002906b0b5f90, 0x000002906b0bbb70, 0x000002906b0bd5b0,
0x000002906b0b79d0, 0x000002906b0bcf20, 0x000002906b0bc890, 0x000002906b0be2d0,
0x000002906b0be960, 0x000002906b0bc200, 0x000002906b0bb4e0, 0x000002906b0beff0,
0x000002906b0c10c0, 0x000002906b0c2b00, 0x000002906b0bf680, 0x000002906b0c03a0,
0x000002906b0c0a30, 0x000002906b0bdc40, 0x000002906b0c3190, 0x000002906b0c2470,
0x000002906b0c4bd0, 0x000002906b0c6610, 0x000002906b0c6ca0, 0x000002906b0c7330,
0x000002906b0c58f0, 0x000002906b0c4540, 0x000002906b0c3eb0, 0x000002906b0bfd10,
0x000002906b0c5f80, 0x000002906b0cbb60, 0x000002906b0ca120, 0x000002906b0c9a90,
0x000002906b0c1750, 0x000002906b0c86e0, 0x000002906b0c5260, 0x000002906b0cae40,
0x000002906b0c8050, 0x000002906b0c79c0, 0x000002906b0c8d70, 0x000002906b0cb4d0,
0x000002906b0cc880, 0x000002906b0c1de0, 0x000002906b0ca7b0, 0x000002906b0cd5a0,
0x000002906b0ce2c0, 0x000002906b0cfd00, 0x000002906b0c9400, 0x000002906b0cefe0,
0x000002906b0ce950, 0x000002906b0ccf10, 0x000002906b0d3180, 0x000002906b0d2af0,
0x000002906b0d3810, 0x000002906b0d1740, 0x000002906b0d1dd0, 0x000002906b0cc1f0,
0x000002906b0d0390, 0x000002906b0d3ea0, 0x000002906b0d0a20, 0x000002906b0d4530,
0x000002906b0d2460, 0x000002906b0d10b0, 0x000002906b0d4bc0, 0x000002906b0cdc30,
0x000002906b0d5250, 0x00000290629d4f20, 0x000002908002dad0, 0x000002908002e160,
0x000002908002c720, 0x000002908002ba00, 0x000002908002c090, 0x000002908002f510,
0x000002908002d440, 0x000002908002b370, 0x000002908002ee80, 0x000002908002ace0,
0x0000029080030230, 0x0000029080030f50, 0x0000029080031c70, 0x0000029080032300,
0x0000029080032990, 0x00000290800308c0, 0x00000290800315e0, 0x000002908002e7f0,
0x0000029080033020, 0x000002908002fba0, 0x0000029080033d40, 0x0000029080035780,
0x0000029080035e10, 0x00000290800364a0, 0x00000290800350f0, 0x00000290800371c0,
0x0000029080034a60, 0x0000029080038c00, 0x0000029080038570, 0x0000029080039fb0,
0x0000029080036b30, 0x0000029080037ee0, 0x000002908003b360, 0x000002908003cda0,
0x000002908003c710, 0x000002908003b9f0, 0x000002908003a640, 0x0000029080037850,
0x000002908003d430, 0x0000029080040f40, 0x000002908003e150, 0x000002908003e7e0,
0x00000290800408b0, 0x000002908003acd0, 0x0000029080039290, 0x000002908003fb90,
0x0000029080040220, 0x000002908003f500, 0x00000290800336b0, 0x000002908003dac0,
0x0000029080042980, 0x0000029080041c60, 0x00000290800415d0, 0x0000029080044a50,
0x0000029080043d30, 0x0000029080043010, 0x00000290800443c0, 0x0000029080046b20,
0x0000029080047840, 0x000002908003c080, 0x0000029080048560, 0x0000029080045770,
0x00000290800343d0, 0x0000029080046490, 0x00000290800436a0, 0x00000290800471b0,
0x00000290800450e0, 0x0000029080048bf0, 0x0000029080049280, 0x0000029080049910,
0x0000029080049fa0, 0x0000029080047ed0, 0x00000290629d4890, 0x00000290629d1410,
0x0000029081536190, 0x0000029081535b00, 0x0000029081538260, 0x0000029081537540,
0x0000029081536820, 0x0000029081536eb0, 0x00000290815388f0, 0x000002908153c400,
0x0000029081538f80, 0x000002908153ca90, 0x000002908153a330, 0x000002908153a9c0,
0x000002908153b050, 0x0000029081539610, 0x000002908153d120, 0x000002908153d7b0,
0x000002908153de40, 0x000002908153eb60, 0x0000029081537bd0, 0x000002908153e4d0,
0x000002908153b6e0, 0x000002908153f1f0, 0x000002908153bd70, 0x0000029081540c30,
0x00000290815405a0, 0x0000029081542d00, 0x00000290815412c0, 0x0000029081542670,
0x000002908153f880, 0x0000029081543390, 0x0000029081541fe0, 0x000002908153ff10,
0x0000029081535470, 0x0000029081545af0, 0x0000029081546180, 0x00000290815440b0,
0x0000029081544740, 0x0000029081544dd0, 0x0000029081541950, 0x00000290815488e0,
0x0000029081546810, 0x0000029081546ea0, 0x000002908154a9b0, 0x0000029081548f70,
0x0000029081549c90, 0x0000029081549600, 0x0000029081545460, 0x0000029081543a20,
0x000002908154a320, 0x000002908154b6d0, 0x0000029081548250, 0x000002908154bd60,
0x000002908154c3f0, 0x000002908154d110, 0x000002908154d7a0, 0x0000029081547530,
0x000002908154de30, 0x000002908154e4c0, 0x000002908154eb50, 0x000002908154f1e0,
0x00000290815512b0, 0x000002908154f870, 0x000002908154b040, 0x000002908154ff00,
0x0000029081553a10, 0x0000029081551fd0, 0x0000029081550590, 0x0000029081552660,
0x0000029081552cf0, 0x0000029081550c20, 0x0000029081554730, 0x0000029081554dc0,
0x0000029081551940, 0x0000029081557520, 0x0000029081555ae0, 0x00000290815588d0,
0x0000029081556170, 0x0000029081558f60, 0x0000029081558240, 0x00000290815595f0,
0x0000029081557bb0, 0x0000029081559c80, 0x0000029081556800, 0x0000029081556e90,
0x000002908155a9a0, 0x000002908155b030, 0x000002908155b6c0, 0x000002908151c420,
0x000002908151d140, 0x000002908151b070, 0x0000029081553380, 0x000002908151f210,
0x000002908151de60, 0x000002908151e4f0, 0x000002908151cab0, 0x000002908151d7d0,
0x000002908151bd90, 0x000002908151eb80, 0x00000290815212e0, 0x000002908151ff30,
0x0000029081521970, 0x0000029081522000, 0x000002908151f8a0, 0x00000290815205c0,
0x0000029081555450, 0x00000290815240d0, 0x0000029081525b10, 0x00000290815261a0,
0x0000029081524df0, 0x0000029081522690, 0x00000290815233b0, 0x0000029081525480,
0x0000029081524760, 0x0000029081522d20, 0x0000029081529620, 0x0000029081529cb0,
0x0000029081526830, 0x0000029081523a40, 0x000002908151b700, 0x0000029081527550,
0x0000029081528f90, 0x0000029081528900, 0x000002908152a9d0, 0x000002908152a340,
0x0000029081527be0, 0x000002908152b060, 0x000002908152caa0, 0x000002908152e4e0,
0x000002908152c410, 0x000002908152d130, 0x0000029081528270, 0x000002908152f200,
0x000002908152d7c0, 0x000002908152b6f0, 0x000002908152f890, 0x00000290815312d0,
0x000002908152ff20, 0x00000290815305b0, 0x0000029081530c40, 0x000002908152de50,
0x000002908152eb70, 0x0000029081532d10, 0x0000029081534de0, 0x00000290815333a0,
0x0000029081532680, 0x0000029081531ff0, 0x0000029081520c50, 0x0000029081534750,
0x0000029081547bc0, 0x000002908154ca80, 0x000002908155a310, 0x000002908002cdb0,
0x0000029080039920, 0x00000290800422f0, 0x00000290815340c0, 0x0000029081531960,
0x0000029061b87730, 0x0000029061b86380, 0x00000290831e5e40, 0x00000290831e29c0,
0x00000290831e64d0, 0x00000290831e5120, 0x00000290831e4a90, 0x00000290831e3050,
0x00000290831e6b60, 0x00000290831e36e0, 0x00000290831e71f0, 0x00000290831e3d70,
0x00000290831e9950, 0x00000290831ead00, 0x00000290831eb390, 0x00000290831e8c30,
0x00000290831e57b0, 0x00000290831e4400, 0x00000290831e7f10, 0x00000290831e85a0,
0x00000290831ea670, 0x00000290831eba20, 0x00000290831ed460, 0x00000290831ec0b0,
0x00000290831ec740, 0x00000290831e92c0, 0x00000290831ee810, 0x00000290831edaf0,
0x00000290831ee180, 0x00000290831ef530, 0x00000290831ecdd0, 0x00000290831e9fe0,
0x00000290831f08e0, 0x00000290831f1c90, 0x00000290831eeea0, 0x00000290831f2320,
0x00000290831f29b0, 0x00000290831f3040, 0x00000290831efbc0, 0x00000290831f36d0,
0x00000290831f0f70, 0x00000290831f5110, 0x00000290831f57a0, 0x00000290831f64c0,
0x00000290831f3d60, 0x00000290831f1600, 0x00000290831e7880, 0x00000290831f6b50,
0x00000290831f5e30, 0x00000290831f71e0, 0x00000290831f7870, 0x00000290831f43f0,
0x00000290831f7f00, 0x00000290831f4a80, 0x00000290831f9940, 0x00000290831facf0,
0x00000290831fb380, 0x00000290831f8590, 0x00000290831fba10, 0x00000290831fa660,
0x00000290831fc0a0, 0x00000290831fcdc0, 0x00000290831fdae0, 0x00000290832008d0,
0x00000290831fe170, 0x0000029083200240, 0x00000290831fd450, 0x00000290831fc730,
0x00000290831ffbb0, 0x00000290831fe800, 0x0000029083201c80, 0x0000029083202310,
0x0000029083203d50, 0x00000290832029a0, 0x00000290831f92b0, 0x00000290832043e0,
0x0000029083200f60, 0x0000029083204a70, 0x00000290832064b0, 0x0000029083203030,
0x00000290832015f0, 0x0000029083206b40, 0x0000029083205100, 0x0000029083205e20,
0x00000290832036c0, 0x0000029083208c10, 0x00000290831fee90, 0x00000290831ff520,
0x00000290832092a0, 0x000002908320a650, 0x000002908320ace0, 0x00000290832071d0,
0x0000029083207ef0, 0x0000029083208580, 0x0000029083209fc0, 0x0000029083207860,
0x000002908320b370, 0x000002908320c090, 0x000002908320cdb0, 0x0000029083209930,
0x000002908320e160, 0x000002908320dad0, 0x0000029083205790, 0x000002908320ee80,
0x000002908320ba00, 0x0000029083212300, 0x0000029083210230, 0x000002908320f510,
0x000002908320fba0, 0x000002908320c720, 0x00000290832108c0, 0x000002908320d440,
0x0000029083213d40, 0x0000029083211c70, 0x0000029083213020, 0x0000029083212990,
0x00000290832143d0, 0x00000290831f9fd0, 0x0000029083210f50, 0x00000290832164a0,
0x0000029083214a60, 0x0000029083215780, 0x0000029083216b30, 0x00000290832136b0,
0x00000290832150f0, 0x0000029083217ee0, 0x0000029083218570, 0x0000029083219fb0,
0x0000029083219920, 0x0000029083219290, 0x000002908321a640, 0x00000290832115e0,
0x0000029083217850, 0x00000290832171c0, 0x000002908321b9f0, 0x000002908321b360,
0x000002908321c710, 0x000002908321c080, 0x000002908321d430, 0x000002908321dac0,
0x000002908321e150, 0x000002908321acd0, 0x0000029083220220, 0x000002908321ee70,
0x000002908321f500, 0x0000029083221c60, 0x0000029083220f40, 0x000002908321e7e0,
0x00000290832222f0, 0x000002908321fb90, 0x00000290831f8c20, 0x0000029080045e00,
0x000002908003ee70, 0x000002908320e7f0, 0x000002906b0cf670, 0x0000029084351930,
0x0000029084351fc0, 0x0000029084352650, 0x0000029084352ce0, 0x0000029084353370,
0x0000029084350c10, 0x0000029084355ad0, 0x0000029084357510, 0x000002908434fef0,
0x0000029084357ba0, 0x0000029084356e80, 0x000002908434f860, 0x00000290843588c0,
0x0000029084355440, 0x0000029084359c70, 0x000002908435b6b0, 0x000002908435a300,
0x000002908435bd40, 0x000002908435a990, 0x000002908435c3d0, 0x00000290843595e0,
0x000002908435ca60, 0x000002908435de10, 0x00000290843567f0, 0x0000029084354090,
0x000002908435d0f0, 0x000002908435d780, 0x000002908435b020, 0x000002908435f1c0,
0x0000029084361fb0, 0x000002908435f850, 0x0000029084360570, 0x0000029084360c00,
0x0000029084361290, 0x000002908435fee0, 0x000002908435eb30, 0x0000029084365ac0,
0x000002908435e4a0, 0x0000029084362cd0, 0x0000029084358f50, 0x0000029084363360,
0x0000029084364080, 0x00000290843639f0, 0x0000029084361920, 0x0000029084354db0,
0x0000029084365430, 0x0000029084364710, 0x0000029084362640, 0x0000029084367b90,
0x0000029084367500, 0x0000029084356160, 0x0000029084368220, 0x0000029084366e70,
0x00000290843695d0, 0x00000290843688b0, 0x0000029084354720, 0x00000290843512a0,
0x0000029084366150, 0x000002908436b6a0, 0x000002908436a2f0, 0x000002908436d0e0,
0x0000029084369c60, 0x000002908436ca50, 0x0000029084370bf0, 0x0000029084353a00,
0x0000029084364da0, 0x0000029084368f40, 0x000002908436b010, 0x000002908436bd30,
0x000002908436d770, 0x000002908436de00, 0x000002908436a980, 0x0000029084350580
}

Java Threads: ( => current thread )
  0x000002906bed57f0 JavaThread "main"                              [_thread_blocked, id=24520, stack(0x000000f694600000,0x000000f694700000) (1024K)]
  0x000002906e1c96f0 JavaThread "Reference Handler"          daemon [_thread_blocked, id=22916, stack(0x000000f694a00000,0x000000f694b00000) (1024K)]
  0x000002906e1cc620 JavaThread "Finalizer"                  daemon [_thread_blocked, id=18100, stack(0x000000f694b00000,0x000000f694c00000) (1024K)]
  0x000002906e1d14a0 JavaThread "Signal Dispatcher"          daemon [_thread_blocked, id=14440, stack(0x000000f694c00000,0x000000f694d00000) (1024K)]
  0x000002906e1d4a30 JavaThread "Attach Listener"            daemon [_thread_blocked, id=10088, stack(0x000000f694d00000,0x000000f694e00000) (1024K)]
  0x000002906e1d55c0 JavaThread "Service Thread"             daemon [_thread_blocked, id=14960, stack(0x000000f694e00000,0x000000f694f00000) (1024K)]
  0x000002906e1d68f0 JavaThread "Monitor Deflation Thread"   daemon [_thread_blocked, id=22816, stack(0x000000f694f00000,0x000000f695000000) (1024K)]
=>0x000002906e1dd870 JavaThread "C2 CompilerThread0"         daemon [_thread_in_native, id=27384, stack(0x000000f695000000,0x000000f695100000) (1024K)]
  0x0000029076f8a2d0 JavaThread "C1 CompilerThread0"         daemon [_thread_blocked, id=13944, stack(0x000000f695100000,0x000000f695200000) (1024K)]
  0x00000290771981c0 JavaThread "Common-Cleaner"             daemon [_thread_blocked, id=29264, stack(0x000000f695300000,0x000000f695400000) (1024K)]
  0x00000290773204e0 JavaThread "Notification Thread"        daemon [_thread_blocked, id=23364, stack(0x000000f695400000,0x000000f695500000) (1024K)]
  0x000002907c86c300 JavaThread "Active Thread: Equinox Container: 80854505-9e49-4a68-a44c-ccd2da42cde8"        [_thread_blocked, id=7116, stack(0x000000f696200000,0x000000f696300000) (1024K)]
  0x000002907c94d1b0 JavaThread "Framework Event Dispatcher: Equinox Container: 80854505-9e49-4a68-a44c-ccd2da42cde8" daemon [_thread_blocked, id=25660, stack(0x000000f696300000,0x000000f696400000) (1024K)]
  0x000002907c94e560 JavaThread "Start Level: Equinox Container: 80854505-9e49-4a68-a44c-ccd2da42cde8" daemon [_thread_blocked, id=26496, stack(0x000000f696400000,0x000000f696500000) (1024K)]
  0x000002907c94ebf0 JavaThread "Bundle File Closer"         daemon [_thread_blocked, id=23232, stack(0x000000f696600000,0x000000f696700000) (1024K)]
  0x000002907c94be00 JavaThread "Refresh Thread: Equinox Container: 80854505-9e49-4a68-a44c-ccd2da42cde8" daemon [_thread_blocked, id=25876, stack(0x000000f696700000,0x000000f696800000) (1024K)]
  0x000002907cf8bc60 JavaThread "SCR Component Actor"        daemon [_thread_blocked, id=23312, stack(0x000000f697000000,0x000000f697100000) (1024K)]
  0x000002907cf8c980 JavaThread "Worker-JM"                         [_thread_blocked, id=404, stack(0x000000f697100000,0x000000f697200000) (1024K)]
  0x000002907cf8ea50 JavaThread "Java indexing"              daemon [_thread_blocked, id=27968, stack(0x000000f695500000,0x000000f695600000) (1024K)]
  0x000002907cf8b5d0 JavaThread "Worker-3"                          [_thread_blocked, id=25372, stack(0x000000f697500000,0x000000f697600000) (1024K)]
  0x000002907cf8f0e0 JavaThread "JNA Cleaner"                daemon [_thread_blocked, id=7864, stack(0x000000f697600000,0x000000f697700000) (1024K)]
  0x000002907cf92bf0 JavaThread "pool-2-thread-1"                   [_thread_blocked, id=12728, stack(0x000000f697a00000,0x000000f697b00000) (1024K)]
  0x000002907cf8fe00 JavaThread "WorkspaceEventsHandler"            [_thread_blocked, id=1564, stack(0x000000f697b00000,0x000000f697c00000) (1024K)]
  0x000002907cf91ed0 JavaThread "pool-1-thread-1"                   [_thread_blocked, id=5812, stack(0x000000f697c00000,0x000000f697d00000) (1024K)]
  0x000002907c94c490 JavaThread "Worker-9: Initialize workspace"        [_thread_blocked, id=12344, stack(0x000000f695c00000,0x000000f695d00000) (1024K)]
  0x000002907c94f280 JavaThread "PatternSearchJob-worker-1"  daemon [_thread_blocked, id=19132, stack(0x000000f696800000,0x000000f696900000) (1024K)]
  0x000002907c94d840 JavaThread "PatternSearchJob-worker-2"  daemon [_thread_blocked, id=21100, stack(0x000000f696900000,0x000000f696a00000) (1024K)]
  0x000002907e9269f0 JavaThread "PatternSearchJob-worker-3"  daemon [_thread_blocked, id=22492, stack(0x000000f696a00000,0x000000f696b00000) (1024K)]
  0x000002907eed6c90 JavaThread "PatternSearchJob-worker-4"  daemon [_thread_blocked, id=11256, stack(0x000000f698000000,0x000000f698100000) (1024K)]
  0x000002907eed93f0 JavaThread "Worker-13"                         [_thread_blocked, id=5176, stack(0x000000f698600000,0x000000f698700000) (1024K)]
  0x000002907eed8040 JavaThread "PatternSearchJob-worker-5"  daemon [_thread_blocked, id=23200, stack(0x000000f698800000,0x000000f698900000) (1024K)]
  0x000002907eed86d0 JavaThread "PatternSearchJob-worker-6"  daemon [_thread_blocked, id=2780, stack(0x000000f698900000,0x000000f698a00000) (1024K)]
  0x000002907eed5f70 JavaThread "PatternSearchJob-worker-7"  daemon [_thread_blocked, id=22032, stack(0x000000f698b00000,0x000000f698c00000) (1024K)]
  0x000002907eedc870 JavaThread "PatternSearchJob-worker-8"  daemon [_thread_blocked, id=19556, stack(0x000000f698c00000,0x000000f698d00000) (1024K)]
  0x000002907c473e90 JavaThread "PatternSearchJob-worker-9"  daemon [_thread_blocked, id=26232, stack(0x000000f695d00000,0x000000f695e00000) (1024K)]
  0x000002907c474bb0 JavaThread "PatternSearchJob-worker-10" daemon [_thread_blocked, id=21036, stack(0x000000f697f00000,0x000000f698000000) (1024K)]
  0x000002907c4758d0 JavaThread "Timer-0"                           [_thread_blocked, id=29040, stack(0x000000f698200000,0x000000f698300000) (1024K)]
  0x000002907c472450 JavaThread "Timer-1"                           [_thread_blocked, id=2664, stack(0x000000f695f00000,0x000000f696000000) (1024K)]
  0x000002907c478d50 JavaThread "Timer-2"                           [_thread_blocked, id=396, stack(0x000000f697e00000,0x000000f697f00000) (1024K)]
  0x000002907c477310 JavaThread "Timer-3"                           [_thread_blocked, id=28828, stack(0x000000f698300000,0x000000f698400000) (1024K)]
  0x000002907e923570 JavaThread "Timer-4"                           [_thread_blocked, id=23208, stack(0x000000f694300000,0x000000f694400000) (1024K)]
  0x000002907e922850 JavaThread "Timer-5"                           [_thread_blocked, id=4936, stack(0x000000f694500000,0x000000f694600000) (1024K)]
  0x000002907e922ee0 JavaThread "Timer-6"                           [_thread_blocked, id=14100, stack(0x000000f695200000,0x000000f695300000) (1024K)]
  0x000002907e920e10 JavaThread "Timer-7"                           [_thread_blocked, id=28492, stack(0x000000f696000000,0x000000f696100000) (1024K)]
  0x000002907e927710 JavaThread "Timer-8"                           [_thread_blocked, id=29184, stack(0x000000f696100000,0x000000f696200000) (1024K)]
  0x000002907e925640 JavaThread "Timer-9"                           [_thread_blocked, id=23956, stack(0x000000f696b00000,0x000000f696c00000) (1024K)]
  0x000002907e927080 JavaThread "Timer-10"                          [_thread_blocked, id=24740, stack(0x000000f696c00000,0x000000f696d00000) (1024K)]
  0x000002907eed6600 JavaThread "Timer-11"                          [_thread_blocked, id=5848, stack(0x000000f696d00000,0x000000f696e00000) (1024K)]
  0x000002907eed7320 JavaThread "Timer-12"                          [_thread_blocked, id=9396, stack(0x000000f697400000,0x000000f697500000) (1024K)]
  0x000002907eedae30 JavaThread "Timer-13"                          [_thread_blocked, id=15304, stack(0x000000f697700000,0x000000f697800000) (1024K)]
  0x000002907c472ae0 JavaThread "Timer-14"                          [_thread_blocked, id=2444, stack(0x000000f695e00000,0x000000f695f00000) (1024K)]
  0x000002907c471dc0 JavaThread "Timer-15"                          [_thread_blocked, id=25072, stack(0x000000f697300000,0x000000f697400000) (1024K)]
  0x000002907c478030 JavaThread "Timer-16"                          [_thread_blocked, id=5832, stack(0x000000f698400000,0x000000f698500000) (1024K)]
  0x000002907c4779a0 JavaThread "Timer-17"                          [_thread_blocked, id=11216, stack(0x000000f698700000,0x000000f698800000) (1024K)]
  0x000002907e921b30 JavaThread "Timer-18"                          [_thread_blocked, id=27056, stack(0x000000f698a00000,0x000000f698b00000) (1024K)]
  0x000002907e926360 JavaThread "Timer-19"                          [_thread_blocked, id=18932, stack(0x000000f698d00000,0x000000f698e00000) (1024K)]
  0x000002907c476c80 JavaThread "Timer-20"                          [_thread_blocked, id=25572, stack(0x000000f699400000,0x000000f699500000) (1024K)]
  0x000002907eeda110 JavaThread "Worker-27"                         [_thread_blocked, id=15520, stack(0x000000f699b00000,0x000000f699c00000) (1024K)]
  0x000002907cf8dd30 JavaThread "Timer-21"                          [_thread_blocked, id=13132, stack(0x000000f697900000,0x000000f697a00000) (1024K)]
  0x000002907cf8f770 JavaThread "Timer-22"                          [_thread_blocked, id=29288, stack(0x000000f697d00000,0x000000f697e00000) (1024K)]
  0x000002907cf8c2f0 JavaThread "Timer-23"                          [_thread_blocked, id=4528, stack(0x000000f698100000,0x000000f698200000) (1024K)]
  0x000002907cf8e3c0 JavaThread "Timer-24"                          [_thread_blocked, id=27216, stack(0x000000f698500000,0x000000f698600000) (1024K)]
  0x000002907c474520 JavaThread "Timer-25"                          [_thread_blocked, id=18424, stack(0x000000f699000000,0x000000f699100000) (1024K)]
  0x000002907c4786c0 JavaThread "Timer-26"                          [_thread_blocked, id=3656, stack(0x000000f699100000,0x000000f699200000) (1024K)]
  0x000002907c475240 JavaThread "Worker-28: Initialize workspace"        [_thread_blocked, id=22108, stack(0x000000f699200000,0x000000f699300000) (1024K)]
  0x000002907c4793e0 JavaThread "Timer-27"                          [_thread_blocked, id=14856, stack(0x000000f699500000,0x000000f699600000) (1024K)]
  0x000002907eed8d60 JavaThread "Timer-28"                          [_thread_blocked, id=416, stack(0x000000f694400000,0x000000f694500000) (1024K)]
  0x000002907eedb4c0 JavaThread "Timer-29"                          [_thread_blocked, id=8588, stack(0x000000f697200000,0x000000f697300000) (1024K)]
  0x000002907cf8d010 JavaThread "Timer-30"                          [_thread_blocked, id=20184, stack(0x000000f697800000,0x000000f697900000) (1024K)]
  0x000002907cf8d6a0 JavaThread "Timer-31"                          [_thread_blocked, id=24444, stack(0x000000f699300000,0x000000f699400000) (1024K)]
  0x000002907c94ded0 JavaThread "Worker-29: Initialize workspace"        [_thread_blocked, id=15268, stack(0x000000f699c00000,0x000000f699d00000) (1024K)]
  0x000002907c473800 JavaThread "Timer-32"                          [_thread_blocked, id=21592, stack(0x000000f699d00000,0x000000f699e00000) (1024K)]
  0x0000029061b84fd0 JavaThread "Timer-33"                          [_thread_blocked, id=26512, stack(0x000000f699e00000,0x000000f699f00000) (1024K)]
  0x0000029061b82870 JavaThread "Timer-34"                          [_thread_blocked, id=23660, stack(0x000000f698e00000,0x000000f698f00000) (1024K)]
  0x0000029061b821e0 JavaThread "Timer-35"                          [_thread_blocked, id=2016, stack(0x000000f699600000,0x000000f699700000) (1024K)]
  0x0000029061b85cf0 JavaThread "Timer-36"                          [_thread_blocked, id=22888, stack(0x000000f699800000,0x000000f699900000) (1024K)]
  0x0000029061b85660 JavaThread "Worker-30"                         [_thread_blocked, id=21716, stack(0x000000f69a000000,0x000000f69a100000) (1024K)]
  0x0000029061b82f00 JavaThread "Worker-31: Initialize workspace"        [_thread_blocked, id=23348, stack(0x000000f69a100000,0x000000f69a200000) (1024K)]
  0x0000029061b870a0 JavaThread "Worker-32: Updating workspace"        [_thread_in_native, id=1900, stack(0x000000f69a200000,0x000000f69a300000) (1024K)]
  0x0000029061b87dc0 JavaThread "Timer-37"                          [_thread_blocked, id=23004, stack(0x000000f69a500000,0x000000f69a600000) (1024K)]
  0x0000029061b84940 JavaThread "Timer-38"                          [_thread_blocked, id=3208, stack(0x000000f69a600000,0x000000f69a700000) (1024K)]
  0x0000029061b88450 JavaThread "Timer-39"                          [_thread_blocked, id=19584, stack(0x000000f69a700000,0x000000f69a800000) (1024K)]
  0x0000029061b88ae0 JavaThread "Timer-40"                          [_thread_blocked, id=22596, stack(0x000000f69a900000,0x000000f69aa00000) (1024K)]
  0x0000029061b89170 JavaThread "Timer-41"                          [_thread_blocked, id=26116, stack(0x000000f69a300000,0x000000f69a400000) (1024K)]
  0x0000029061b89800 JavaThread "Timer-42"                          [_thread_blocked, id=24704, stack(0x000000f69a800000,0x000000f69a900000) (1024K)]
  0x000002907e920780 JavaThread "Timer-43"                          [_thread_blocked, id=28332, stack(0x000000f69aa00000,0x000000f69ab00000) (1024K)]
  0x000002907e9221c0 JavaThread "Timer-44"                          [_thread_blocked, id=22992, stack(0x000000f69ab00000,0x000000f69ac00000) (1024K)]
  0x000002907e924920 JavaThread "Timer-45"                          [_thread_blocked, id=28484, stack(0x000000f69ac00000,0x000000f69ad00000) (1024K)]
  0x000002907e924fb0 JavaThread "Timer-46"                          [_thread_blocked, id=1952, stack(0x000000f69ad00000,0x000000f69ae00000) (1024K)]
  0x000002907eedc1e0 JavaThread "Timer-47"                          [_thread_blocked, id=25300, stack(0x000000f69ae00000,0x000000f69af00000) (1024K)]
  0x0000029061b842b0 JavaThread "Timer-48"                          [_thread_blocked, id=22800, stack(0x000000f69af00000,0x000000f69b000000) (1024K)]
  0x000002907e5b9690 JavaThread "Timer-49"                          [_thread_blocked, id=27112, stack(0x000000f69b100000,0x000000f69b200000) (1024K)]
  0x000002907e5b9d20 JavaThread "Timer-50"                          [_thread_blocked, id=14056, stack(0x000000f69b000000,0x000000f69b100000) (1024K)]
  0x000002907e5ba3b0 JavaThread "PatternSearchJob-worker-11" daemon [_thread_blocked, id=10008, stack(0x000000f69a400000,0x000000f69a500000) (1024K)]
  0x000002907e5bc480 JavaThread "Timer-51"                          [_thread_blocked, id=6956, stack(0x000000f69b900000,0x000000f69ba00000) (1024K)]
  0x000002907e5bebe0 JavaThread "Timer-52"                          [_thread_blocked, id=28660, stack(0x000000f69ba00000,0x000000f69bb00000) (1024K)]
  0x000002907e5bf270 JavaThread "Timer-53"                          [_thread_blocked, id=29100, stack(0x000000f69bc00000,0x000000f69bd00000) (1024K)]
  0x000002907e5bf900 JavaThread "Timer-54"                          [_thread_blocked, id=26000, stack(0x000000f69be00000,0x000000f69bf00000) (1024K)]
  0x000002907e5bd830 JavaThread "Timer-55"                          [_thread_blocked, id=21536, stack(0x000000f69bf00000,0x000000f69c000000) (1024K)]
  0x000002907e5bdec0 JavaThread "Timer-56"                          [_thread_blocked, id=22216, stack(0x000000f69c000000,0x000000f69c100000) (1024K)]
  0x000002907e5be550 JavaThread "Timer-57"                          [_thread_blocked, id=26836, stack(0x000000f69c100000,0x000000f69c200000) (1024K)]
  0x000002907e5bbdf0 JavaThread "Timer-58"                          [_thread_blocked, id=7132, stack(0x000000f69bb00000,0x000000f69bc00000) (1024K)]
  0x000002907e5bcb10 JavaThread "Timer-59"                          [_thread_blocked, id=24312, stack(0x000000f69bd00000,0x000000f69be00000) (1024K)]
  0x000002907e5bd1a0 JavaThread "Timer-60"                          [_thread_blocked, id=7600, stack(0x000000f69b500000,0x000000f69b600000) (1024K)]
  0x000002907e5baa40 JavaThread "Timer-61"                          [_thread_blocked, id=26480, stack(0x000000f69b600000,0x000000f69b700000) (1024K)]
  0x000002907cf90490 JavaThread "Timer-62"                          [_thread_blocked, id=15412, stack(0x000000f698f00000,0x000000f699000000) (1024K)]
  0x000002907e5bb0d0 JavaThread "Timer-63"                          [_thread_blocked, id=14212, stack(0x000000f69c200000,0x000000f69c300000) (1024K)]
  0x000002907e5b82e0 JavaThread "Timer-64"                          [_thread_blocked, id=28608, stack(0x000000f69b300000,0x000000f69b400000) (1024K)]
  0x0000029062d43130 JavaThread "Timer-65"                          [_thread_blocked, id=25232, stack(0x000000f69c300000,0x000000f69c400000) (1024K)]
  0x0000029062d437c0 JavaThread "Timer-66"                          [_thread_blocked, id=27692, stack(0x000000f69c500000,0x000000f69c600000) (1024K)]
  0x0000029062d444e0 JavaThread "Timer-67"                          [_thread_blocked, id=24168, stack(0x000000f69c400000,0x000000f69c500000) (1024K)]
  0x0000029062d41d80 JavaThread "Timer-68"                          [_thread_blocked, id=18776, stack(0x000000f69b400000,0x000000f69b500000) (1024K)]
  0x0000029062d43e50 JavaThread "Timer-69"                          [_thread_blocked, id=29160, stack(0x000000f699900000,0x000000f699a00000) (1024K)]
  0x0000029062d42410 JavaThread "Timer-70"                          [_thread_blocked, id=29248, stack(0x000000f69c600000,0x000000f69c700000) (1024K)]
  0x0000029062d44b70 JavaThread "Timer-71"                          [_thread_blocked, id=8368, stack(0x000000f69c700000,0x000000f69c800000) (1024K)]
  0x0000029062d45890 JavaThread "Timer-72"                          [_thread_blocked, id=24812, stack(0x000000f69c800000,0x000000f69c900000) (1024K)]
  0x0000029062d45f20 JavaThread "Timer-73"                          [_thread_blocked, id=9764, stack(0x000000f69ca00000,0x000000f69cb00000) (1024K)]
  0x0000029062d42aa0 JavaThread "Timer-74"                          [_thread_blocked, id=24440, stack(0x000000f69c900000,0x000000f69ca00000) (1024K)]
  0x0000029062d48680 JavaThread "Timer-75"                          [_thread_blocked, id=15272, stack(0x000000f69cc00000,0x000000f69cd00000) (1024K)]
  0x0000029062d47ff0 JavaThread "Timer-76"                          [_thread_blocked, id=22324, stack(0x000000f69b800000,0x000000f69b900000) (1024K)]
  0x0000029062d46c40 JavaThread "Timer-77"                          [_thread_blocked, id=18056, stack(0x000000f69cb00000,0x000000f69cc00000) (1024K)]
  0x0000029062d465b0 JavaThread "Timer-78"                          [_thread_blocked, id=2260, stack(0x000000f69cd00000,0x000000f69ce00000) (1024K)]
  0x0000029062d47960 JavaThread "Timer-79"                          [_thread_blocked, id=28052, stack(0x000000f69ce00000,0x000000f69cf00000) (1024K)]
  0x0000029061b83590 JavaThread "Timer-80"                          [_thread_blocked, id=17212, stack(0x000000f69d100000,0x000000f69d200000) (1024K)]
  0x0000029061b83c20 JavaThread "Timer-81"                          [_thread_blocked, id=28164, stack(0x000000f69cf00000,0x000000f69d000000) (1024K)]
  0x000002907e5b9000 JavaThread "Timer-82"                          [_thread_blocked, id=28136, stack(0x000000f69d200000,0x000000f69d300000) (1024K)]
  0x0000029062d493a0 JavaThread "Timer-83"                          [_thread_blocked, id=29676, stack(0x000000f69d000000,0x000000f69d100000) (1024K)]
  0x000002907e5bb760 JavaThread "Timer-84"                          [_thread_blocked, id=29236, stack(0x000000f69d300000,0x000000f69d400000) (1024K)]
  0x000002907e924290 JavaThread "Timer-85"                          [_thread_blocked, id=26964, stack(0x000000f69b200000,0x000000f69b300000) (1024K)]
  0x0000029062d45200 JavaThread "Timer-86"                          [_thread_blocked, id=21692, stack(0x000000f69d400000,0x000000f69d500000) (1024K)]
  0x00000290620116e0 JavaThread "Timer-87"                          [_thread_blocked, id=13816, stack(0x000000f69d500000,0x000000f69d600000) (1024K)]
  0x0000029062013e40 JavaThread "Timer-88"                          [_thread_blocked, id=12648, stack(0x000000f69d600000,0x000000f69d700000) (1024K)]
  0x00000290620137b0 JavaThread "Timer-89"                          [_thread_blocked, id=16040, stack(0x000000f69d800000,0x000000f69d900000) (1024K)]
  0x0000029062011d70 JavaThread "Timer-90"                          [_thread_blocked, id=13264, stack(0x000000f69d700000,0x000000f69d800000) (1024K)]
  0x0000029062012a90 JavaThread "Timer-91"                          [_thread_blocked, id=12096, stack(0x000000f69d900000,0x000000f69da00000) (1024K)]
  0x00000290620109c0 JavaThread "Timer-92"                          [_thread_blocked, id=9980, stack(0x000000f69da00000,0x000000f69db00000) (1024K)]
  0x0000029062d472d0 JavaThread "Timer-93"                          [_thread_blocked, id=22828, stack(0x000000f69dd00000,0x000000f69de00000) (1024K)]
  0x0000029080bf2850 JavaThread "Timer-94"                          [_thread_blocked, id=28840, stack(0x000000f69de00000,0x000000f69df00000) (1024K)]
  0x0000029080bf2ee0 JavaThread "Timer-95"                          [_thread_blocked, id=25716, stack(0x000000f69df00000,0x000000f69e000000) (1024K)]
  0x0000029080bf0e10 JavaThread "Timer-96"                          [_thread_blocked, id=24008, stack(0x000000f69e000000,0x000000f69e100000) (1024K)]
  0x0000029080bf3570 JavaThread "Timer-97"                          [_thread_blocked, id=16348, stack(0x000000f69dc00000,0x000000f69dd00000) (1024K)]
  0x0000029080bf00f0 JavaThread "Timer-98"                          [_thread_blocked, id=21952, stack(0x000000f69e200000,0x000000f69e300000) (1024K)]
  0x0000029080bf0780 JavaThread "Timer-99"                          [_thread_blocked, id=21068, stack(0x000000f69b700000,0x000000f69b800000) (1024K)]
  0x0000029080bf7080 JavaThread "Timer-100"                         [_thread_blocked, id=11424, stack(0x000000f69e600000,0x000000f69e700000) (1024K)]
  0x0000029080bf4290 JavaThread "Timer-101"                         [_thread_blocked, id=28896, stack(0x000000f69e700000,0x000000f69e800000) (1024K)]
  0x0000029080bf4920 JavaThread "Timer-102"                         [_thread_blocked, id=28452, stack(0x000000f69e800000,0x000000f69e900000) (1024K)]
  0x0000029080bf69f0 JavaThread "Timer-103"                         [_thread_blocked, id=19336, stack(0x000000f69ea00000,0x000000f69eb00000) (1024K)]
  0x0000029080bf3c00 JavaThread "Timer-104"                         [_thread_blocked, id=25568, stack(0x000000f69db00000,0x000000f69dc00000) (1024K)]
  0x0000029080bf14a0 JavaThread "Timer-105"                         [_thread_blocked, id=23460, stack(0x000000f69e400000,0x000000f69e500000) (1024K)]
  0x0000029080bf4fb0 JavaThread "Timer-106"                         [_thread_blocked, id=28472, stack(0x000000f69e900000,0x000000f69ea00000) (1024K)]
  0x0000029080bf6360 JavaThread "Timer-107"                         [_thread_blocked, id=2948, stack(0x000000f69ed00000,0x000000f69ee00000) (1024K)]
  0x0000029062011050 JavaThread "Timer-108"                         [_thread_blocked, id=26144, stack(0x000000f69ee00000,0x000000f69ef00000) (1024K)]
  0x0000029062013120 JavaThread "Timer-109"                         [_thread_blocked, id=21508, stack(0x000000f69ef00000,0x000000f69f000000) (1024K)]
  0x00000290806e12c0 JavaThread "Timer-110"                         [_thread_blocked, id=13752, stack(0x000000f69f100000,0x000000f69f200000) (1024K)]
  0x00000290806e2d00 JavaThread "Timer-111"                         [_thread_blocked, id=22844, stack(0x000000f69ec00000,0x000000f69ed00000) (1024K)]
  0x00000290806e1950 JavaThread "Timer-112"                         [_thread_blocked, id=25384, stack(0x000000f69f200000,0x000000f69f300000) (1024K)]
  0x00000290806e3390 JavaThread "Timer-113"                         [_thread_blocked, id=15416, stack(0x000000f69e300000,0x000000f69e400000) (1024K)]
  0x00000290806e40b0 JavaThread "Timer-114"                         [_thread_blocked, id=7172, stack(0x000000f69f300000,0x000000f69f400000) (1024K)]
  0x00000290806e0c30 JavaThread "Timer-115"                         [_thread_blocked, id=20516, stack(0x000000f69f400000,0x000000f69f500000) (1024K)]
  0x00000290806e4dd0 JavaThread "Timer-116"                         [_thread_blocked, id=24676, stack(0x000000f69f500000,0x000000f69f600000) (1024K)]
  0x00000290806e5460 JavaThread "Timer-117"                         [_thread_blocked, id=21828, stack(0x000000f69f600000,0x000000f69f700000) (1024K)]
  0x00000290806dff10 JavaThread "Timer-118"                         [_thread_blocked, id=23224, stack(0x000000f69e500000,0x000000f69e600000) (1024K)]
  0x00000290806e05a0 JavaThread "Timer-119"                         [_thread_blocked, id=6808, stack(0x000000f69f700000,0x000000f69f800000) (1024K)]
  0x00000290806e4740 JavaThread "Timer-120"                         [_thread_blocked, id=21976, stack(0x000000f69e100000,0x000000f69e200000) (1024K)]
  0x00000290806e7bc0 JavaThread "Timer-121"                         [_thread_blocked, id=27356, stack(0x000000f69f900000,0x000000f69fa00000) (1024K)]
  0x00000290806e6180 JavaThread "Timer-122"                         [_thread_blocked, id=29292, stack(0x000000f69fa00000,0x000000f69fb00000) (1024K)]
  0x00000290806e9600 JavaThread "Timer-123"                         [_thread_blocked, id=28408, stack(0x000000f69fb00000,0x000000f69fc00000) (1024K)]
  0x00000290806e8f70 JavaThread "Timer-124"                         [_thread_blocked, id=8884, stack(0x000000f69fd00000,0x000000f69fe00000) (1024K)]
  0x00000290806e2670 JavaThread "Timer-125"                         [_thread_blocked, id=4512, stack(0x000000f69eb00000,0x000000f69ec00000) (1024K)]
  0x00000290806e6810 JavaThread "Timer-126"                         [_thread_blocked, id=21780, stack(0x000000f69f800000,0x000000f69f900000) (1024K)]
  0x00000290806e6ea0 JavaThread "Timer-127"                         [_thread_blocked, id=27976, stack(0x000000f69fc00000,0x000000f69fd00000) (1024K)]
  0x00000290806e9c90 JavaThread "Timer-128"                         [_thread_blocked, id=4840, stack(0x000000f6a0000000,0x000000f6a0100000) (1024K)]
  0x00000290806ea9b0 JavaThread "Timer-129"                         [_thread_blocked, id=29044, stack(0x000000f6a0100000,0x000000f6a0200000) (1024K)]
  0x00000290806e88e0 JavaThread "Timer-130"                         [_thread_blocked, id=18572, stack(0x000000f6a0200000,0x000000f6a0300000) (1024K)]
  0x00000290806ea320 JavaThread "Timer-131"                         [_thread_blocked, id=5816, stack(0x000000f6a0400000,0x000000f6a0500000) (1024K)]
  0x00000290806e7530 JavaThread "Timer-132"                         [_thread_blocked, id=6352, stack(0x000000f69ff00000,0x000000f6a0000000) (1024K)]
  0x00000290806e8250 JavaThread "Timer-133"                         [_thread_blocked, id=22288, stack(0x000000f6a0500000,0x000000f6a0600000) (1024K)]
  0x00000290806e3a20 JavaThread "Timer-134"                         [_thread_blocked, id=29524, stack(0x000000f69f000000,0x000000f69f100000) (1024K)]
  0x00000290806ed7a0 JavaThread "Timer-135"                         [_thread_blocked, id=20152, stack(0x000000f6a0700000,0x000000f6a0800000) (1024K)]
  0x00000290806eb040 JavaThread "Timer-136"                         [_thread_blocked, id=21660, stack(0x000000f6a0800000,0x000000f6a0900000) (1024K)]
  0x00000290806ed110 JavaThread "Timer-137"                         [_thread_blocked, id=29636, stack(0x000000f6a0900000,0x000000f6a0a00000) (1024K)]
  0x00000290806ede30 JavaThread "Timer-138"                         [_thread_blocked, id=18748, stack(0x000000f6a0a00000,0x000000f6a0b00000) (1024K)]
  0x00000290806e5af0 JavaThread "Timer-139"                         [_thread_blocked, id=2928, stack(0x000000f69fe00000,0x000000f69ff00000) (1024K)]
  0x00000290806ebd60 JavaThread "Timer-140"                         [_thread_blocked, id=28172, stack(0x000000f6a0b00000,0x000000f6a0c00000) (1024K)]
  0x00000290806eeb50 JavaThread "Timer-141"                         [_thread_blocked, id=28036, stack(0x000000f6a0600000,0x000000f6a0700000) (1024K)]
  0x00000290806ec3f0 JavaThread "Timer-142"                         [_thread_blocked, id=2116, stack(0x000000f6a0e00000,0x000000f6a0f00000) (1024K)]
  0x00000290806eca80 JavaThread "Timer-143"                         [_thread_blocked, id=22764, stack(0x000000f6a0f00000,0x000000f6a1000000) (1024K)]
  0x0000029080bf21c0 JavaThread "Timer-144"                         [_thread_blocked, id=6992, stack(0x000000f6a1000000,0x000000f6a1100000) (1024K)]
  0x0000029080bf1b30 JavaThread "Timer-145"                         [_thread_blocked, id=28864, stack(0x000000f6a1100000,0x000000f6a1200000) (1024K)]
  0x0000029080bf5640 JavaThread "Timer-146"                         [_thread_blocked, id=22248, stack(0x000000f6a0c00000,0x000000f6a0d00000) (1024K)]
  0x0000029080bf5cd0 JavaThread "Timer-147"                         [_thread_blocked, id=24156, stack(0x000000f6a1200000,0x000000f6a1300000) (1024K)]
  0x00000290806ee4c0 JavaThread "Timer-148"                         [_thread_blocked, id=9760, stack(0x000000f6a1300000,0x000000f6a1400000) (1024K)]
  0x0000029080bf7710 JavaThread "Timer-149"                         [_thread_blocked, id=8668, stack(0x000000f6a1500000,0x000000f6a1600000) (1024K)]
  0x000002906afaa9d0 JavaThread "Timer-150"                         [_thread_blocked, id=20092, stack(0x000000f6a1600000,0x000000f6a1700000) (1024K)]
  0x000002906afab060 JavaThread "Timer-151"                         [_thread_blocked, id=23816, stack(0x000000f6a1700000,0x000000f6a1800000) (1024K)]
  0x000002906afab6f0 JavaThread "Timer-152"                         [_thread_blocked, id=1220, stack(0x000000f6a1900000,0x000000f6a1a00000) (1024K)]
  0x000002906afa9cb0 JavaThread "Timer-153"                         [_thread_blocked, id=26100, stack(0x000000f6a1400000,0x000000f6a1500000) (1024K)]
  0x000002906afa9620 JavaThread "Timer-154"                         [_thread_blocked, id=14972, stack(0x000000f6a1800000,0x000000f6a1900000) (1024K)]
  0x000002906afac410 JavaThread "Timer-155"                         [_thread_blocked, id=23124, stack(0x000000f6a0300000,0x000000f6a0400000) (1024K)]
  0x000002906afade50 JavaThread "Timer-156"                         [_thread_blocked, id=25136, stack(0x000000f6a1c00000,0x000000f6a1d00000) (1024K)]
  0x000002906afaa340 JavaThread "Timer-157"                         [_thread_blocked, id=25872, stack(0x000000f6a1d00000,0x000000f6a1e00000) (1024K)]
  0x000002906afaeb70 JavaThread "Timer-158"                         [_thread_blocked, id=23300, stack(0x000000f6a1e00000,0x000000f6a1f00000) (1024K)]
  0x000002906afae4e0 JavaThread "Timer-159"                         [_thread_blocked, id=23264, stack(0x000000f6a2000000,0x000000f6a2100000) (1024K)]
  0x000002906afad130 JavaThread "Timer-160"                         [_thread_blocked, id=9032, stack(0x000000f6a1b00000,0x000000f6a1c00000) (1024K)]
  0x000002906afaf200 JavaThread "Timer-161"                         [_thread_blocked, id=9120, stack(0x000000f6a2100000,0x000000f6a2200000) (1024K)]
  0x000002906afaf890 JavaThread "Timer-162"                         [_thread_blocked, id=18516, stack(0x000000f6a0d00000,0x000000f6a0e00000) (1024K)]
  0x000002906afb05b0 JavaThread "Timer-163"                         [_thread_blocked, id=13512, stack(0x000000f6a2200000,0x000000f6a2300000) (1024K)]
  0x000002906afb0c40 JavaThread "Timer-164"                         [_thread_blocked, id=5608, stack(0x000000f6a2300000,0x000000f6a2400000) (1024K)]
  0x00000290806eb6d0 JavaThread "Timer-165"                         [_thread_blocked, id=28336, stack(0x000000f6a2500000,0x000000f6a2600000) (1024K)]
  0x00000290806ef1e0 JavaThread "Timer-166"                         [_thread_blocked, id=27500, stack(0x000000f6a2700000,0x000000f6a2800000) (1024K)]
  0x000002906af96740 JavaThread "Timer-167"                         [_thread_blocked, id=21128, stack(0x000000f6a2400000,0x000000f6a2500000) (1024K)]
  0x000002906af96dd0 JavaThread "Timer-168"                         [_thread_blocked, id=26284, stack(0x000000f6a2600000,0x000000f6a2700000) (1024K)]
  0x000002906af97460 JavaThread "Timer-169"                         [_thread_blocked, id=24780, stack(0x000000f6a2800000,0x000000f6a2900000) (1024K)]
  0x000002906af98810 JavaThread "Timer-170"                         [_thread_blocked, id=21292, stack(0x000000f6a2a00000,0x000000f6a2b00000) (1024K)]
  0x000002906af98ea0 JavaThread "Timer-171"                         [_thread_blocked, id=29212, stack(0x000000f6a2b00000,0x000000f6a2c00000) (1024K)]
  0x000002906af960b0 JavaThread "Timer-172"                         [_thread_blocked, id=18472, stack(0x000000f6a2c00000,0x000000f6a2d00000) (1024K)]
  0x000002906af9c9b0 JavaThread "Timer-173"                         [_thread_blocked, id=27720, stack(0x000000f6a2d00000,0x000000f6a2e00000) (1024K)]
  0x000002906af99bc0 JavaThread "Timer-174"                         [_thread_blocked, id=16352, stack(0x000000f6a1f00000,0x000000f6a2000000) (1024K)]
  0x000002906af97af0 JavaThread "Timer-175"                         [_thread_blocked, id=7284, stack(0x000000f6a2f00000,0x000000f6a3000000) (1024K)]
  0x000002906af9a250 JavaThread "Timer-176"                         [_thread_blocked, id=3604, stack(0x000000f6a1a00000,0x000000f6a1b00000) (1024K)]
  0x000002906af9af70 JavaThread "Timer-177"                         [_thread_blocked, id=28176, stack(0x000000f6a3100000,0x000000f6a3200000) (1024K)]
  0x000002906af99530 JavaThread "Timer-178"                         [_thread_blocked, id=12640, stack(0x000000f6a3200000,0x000000f6a3300000) (1024K)]
  0x000002906af9d040 JavaThread "Timer-179"                         [_thread_blocked, id=2624, stack(0x000000f6a3300000,0x000000f6a3400000) (1024K)]
  0x000002906af9d6d0 JavaThread "Timer-180"                         [_thread_blocked, id=18128, stack(0x000000f6a3500000,0x000000f6a3600000) (1024K)]
  0x000002906af98180 JavaThread "Timer-181"                         [_thread_blocked, id=2864, stack(0x000000f6a2e00000,0x000000f6a2f00000) (1024K)]
  0x000002906af9bc90 JavaThread "Timer-182"                         [_thread_blocked, id=11924, stack(0x000000f6a3600000,0x000000f6a3700000) (1024K)]
  0x000002906af9c320 JavaThread "Timer-183"                         [_thread_blocked, id=9376, stack(0x000000f6a2900000,0x000000f6a2a00000) (1024K)]
  0x000002906af9b600 JavaThread "Timer-184"                         [_thread_blocked, id=28372, stack(0x000000f6a3800000,0x000000f6a3900000) (1024K)]
  0x000002906af9fe30 JavaThread "Timer-185"                         [_thread_blocked, id=24624, stack(0x000000f6a3900000,0x000000f6a3a00000) (1024K)]
  0x000002906afa04c0 JavaThread "Timer-186"                         [_thread_blocked, id=24104, stack(0x000000f6a3a00000,0x000000f6a3b00000) (1024K)]
  0x000002906afa11e0 JavaThread "Timer-187"                         [_thread_blocked, id=25828, stack(0x000000f6a3c00000,0x000000f6a3d00000) (1024K)]
  0x000002906afa0b50 JavaThread "Timer-188"                         [_thread_blocked, id=21664, stack(0x000000f6a3400000,0x000000f6a3500000) (1024K)]
  0x000002906afa1870 JavaThread "Timer-189"                         [_thread_blocked, id=22776, stack(0x000000f6a3b00000,0x000000f6a3c00000) (1024K)]
  0x000002906af9a8e0 JavaThread "Timer-190"                         [_thread_blocked, id=1580, stack(0x000000f6a3000000,0x000000f6a3100000) (1024K)]
  0x000002906af9ea80 JavaThread "Timer-191"                         [_thread_blocked, id=27524, stack(0x000000f6a3f00000,0x000000f6a4000000) (1024K)]
  0x000002906afa2590 JavaThread "Timer-192"                         [_thread_blocked, id=11312, stack(0x000000f6a4000000,0x000000f6a4100000) (1024K)]
  0x000002906af9f110 JavaThread "Timer-193"                         [_thread_blocked, id=17720, stack(0x000000f6a4100000,0x000000f6a4200000) (1024K)]
  0x000002906afa3940 JavaThread "Timer-194"                         [_thread_blocked, id=28284, stack(0x000000f6a4500000,0x000000f6a4600000) (1024K)]
  0x000002906afa2c20 JavaThread "Timer-195"                         [_thread_blocked, id=2720, stack(0x000000f6a3e00000,0x000000f6a3f00000) (1024K)]
  0x000002906afa32b0 JavaThread "Timer-196"                         [_thread_blocked, id=29400, stack(0x000000f6a4400000,0x000000f6a4500000) (1024K)]
  0x000002906afa1f00 JavaThread "Timer-197"                         [_thread_blocked, id=29396, stack(0x000000f6a3700000,0x000000f6a3800000) (1024K)]
  0x000002906afa4660 JavaThread "Timer-198"                         [_thread_blocked, id=9540, stack(0x000000f6a4800000,0x000000f6a4900000) (1024K)]
  0x000002906afa4cf0 JavaThread "Timer-199"                         [_thread_blocked, id=14112, stack(0x000000f6a4900000,0x000000f6a4a00000) (1024K)]
  0x000002906afa5380 JavaThread "Timer-200"                         [_thread_blocked, id=27580, stack(0x000000f6a4a00000,0x000000f6a4b00000) (1024K)]
  0x000002906afabd80 JavaThread "Timer-201"                         [_thread_blocked, id=24484, stack(0x000000f6a4c00000,0x000000f6a4d00000) (1024K)]
  0x000002906af9e3f0 JavaThread "Timer-202"                         [_thread_blocked, id=16484, stack(0x000000f6a3d00000,0x000000f6a3e00000) (1024K)]
  0x000002906af9f7a0 JavaThread "Timer-203"                         [_thread_blocked, id=2768, stack(0x000000f6a4600000,0x000000f6a4700000) (1024K)]
  0x000002906afad7c0 JavaThread "Timer-204"                         [_thread_blocked, id=6820, stack(0x000000f6a4b00000,0x000000f6a4c00000) (1024K)]
  0x0000029062e45f80 JavaThread "Timer-205"                         [_thread_blocked, id=25816, stack(0x000000f6a4f00000,0x000000f6a5000000) (1024K)]
  0x0000029062e44bd0 JavaThread "Timer-206"                         [_thread_blocked, id=28020, stack(0x000000f6a5000000,0x000000f6a5100000) (1024K)]
  0x0000029062e458f0 JavaThread "Timer-207"                         [_thread_blocked, id=24004, stack(0x000000f6a5100000,0x000000f6a5200000) (1024K)]
  0x0000029062e46ca0 JavaThread "Timer-208"                         [_thread_blocked, id=20680, stack(0x000000f6a5300000,0x000000f6a5400000) (1024K)]
  0x0000029062e46610 JavaThread "Timer-209"                         [_thread_blocked, id=18616, stack(0x000000f6a4d00000,0x000000f6a4e00000) (1024K)]
  0x0000029062e47330 JavaThread "Timer-210"                         [_thread_blocked, id=27432, stack(0x000000f6a4700000,0x000000f6a4800000) (1024K)]
  0x0000029062e48050 JavaThread "Timer-211"                         [_thread_blocked, id=16324, stack(0x000000f6a5200000,0x000000f6a5300000) (1024K)]
  0x0000029062e49400 JavaThread "Timer-212"                         [_thread_blocked, id=1336, stack(0x000000f6a5600000,0x000000f6a5700000) (1024K)]
  0x0000029062e4c1f0 JavaThread "Timer-213"                         [_thread_blocked, id=9284, stack(0x000000f6a5800000,0x000000f6a5900000) (1024K)]
  0x0000029062e4bb60 JavaThread "Timer-214"                         [_thread_blocked, id=28868, stack(0x000000f6a5700000,0x000000f6a5800000) (1024K)]
  0x0000029062e4a7b0 JavaThread "Timer-215"                         [_thread_blocked, id=26540, stack(0x000000f6a5a00000,0x000000f6a5b00000) (1024K)]
  0x0000029062e45260 JavaThread "Timer-216"                         [_thread_blocked, id=17960, stack(0x000000f6a5500000,0x000000f6a5600000) (1024K)]
  0x0000029062e48d70 JavaThread "Timer-217"                         [_thread_blocked, id=19944, stack(0x000000f6a5900000,0x000000f6a5a00000) (1024K)]
  0x0000029062e49a90 JavaThread "Timer-218"                         [_thread_blocked, id=22668, stack(0x000000f6a4e00000,0x000000f6a4f00000) (1024K)]
  0x0000029062e486e0 JavaThread "Timer-219"                         [_thread_blocked, id=13316, stack(0x000000f6a5d00000,0x000000f6a5e00000) (1024K)]
  0x0000029062e4a120 JavaThread "Timer-220"                         [_thread_blocked, id=4832, stack(0x000000f6a5e00000,0x000000f6a5f00000) (1024K)]
  0x000002906afaff20 JavaThread "Timer-221"                         [_thread_blocked, id=24536, stack(0x000000f6a5f00000,0x000000f6a6000000) (1024K)]
  0x0000029062012400 JavaThread "Timer-222"                         [_thread_blocked, id=27880, stack(0x000000f6a6100000,0x000000f6a6200000) (1024K)]
  0x0000029062c08260 JavaThread "Timer-223"                         [_thread_blocked, id=27700, stack(0x000000f6a5c00000,0x000000f6a5d00000) (1024K)]
  0x0000029062c088f0 JavaThread "Timer-224"                         [_thread_blocked, id=11020, stack(0x000000f6a6200000,0x000000f6a6300000) (1024K)]
  0x0000029062c08f80 JavaThread "Timer-225"                         [_thread_blocked, id=13040, stack(0x000000f6a5400000,0x000000f6a5500000) (1024K)]
  0x0000029062c0bd70 JavaThread "Timer-226"                         [_thread_blocked, id=29568, stack(0x000000f6a6400000,0x000000f6a6500000) (1024K)]
  0x0000029062c0a330 JavaThread "Timer-227"                         [_thread_blocked, id=21972, stack(0x000000f6a6500000,0x000000f6a6600000) (1024K)]
  0x0000029062c0c400 JavaThread "Timer-228"                         [_thread_blocked, id=4364, stack(0x000000f6a6600000,0x000000f6a6700000) (1024K)]
  0x0000029062c0ca90 JavaThread "Timer-229"                         [_thread_blocked, id=16388, stack(0x000000f6a6800000,0x000000f6a6900000) (1024K)]
  0x0000029062c09610 JavaThread "Timer-230"                         [_thread_blocked, id=27348, stack(0x000000f6a5b00000,0x000000f6a5c00000) (1024K)]
  0x0000029062c09ca0 JavaThread "Timer-231"                         [_thread_blocked, id=25548, stack(0x000000f6a6300000,0x000000f6a6400000) (1024K)]
  0x0000029062c06820 JavaThread "Timer-232"                         [_thread_blocked, id=15004, stack(0x000000f6a6700000,0x000000f6a6800000) (1024K)]
  0x0000029062c0d7b0 JavaThread "Timer-233"                         [_thread_blocked, id=27812, stack(0x000000f6a6900000,0x000000f6a6a00000) (1024K)]
  0x0000029062c0d120 JavaThread "Timer-234"                         [_thread_blocked, id=16256, stack(0x000000f6a6a00000,0x000000f6a6b00000) (1024K)]
  0x0000029062c0de40 JavaThread "Timer-235"                         [_thread_blocked, id=11416, stack(0x000000f6a6b00000,0x000000f6a6c00000) (1024K)]
  0x0000029062c0b6e0 JavaThread "Timer-236"                         [_thread_blocked, id=10892, stack(0x000000f6a6d00000,0x000000f6a6e00000) (1024K)]
  0x0000029062c0a9c0 JavaThread "Timer-237"                         [_thread_blocked, id=19828, stack(0x000000f6a6c00000,0x000000f6a6d00000) (1024K)]
  0x0000029062c0b050 JavaThread "Timer-238"                         [_thread_blocked, id=19660, stack(0x000000f6a6f00000,0x000000f6a7000000) (1024K)]
  0x0000029062e4ae40 JavaThread "Timer-239"                         [_thread_blocked, id=5192, stack(0x000000f6a6e00000,0x000000f6a6f00000) (1024K)]
  0x000002906afa3fd0 JavaThread "Timer-240"                         [_thread_blocked, id=26632, stack(0x000000f6a7200000,0x000000f6a7300000) (1024K)]
  0x0000029080a1a710 JavaThread "Timer-241"                         [_thread_blocked, id=8076, stack(0x000000f6a7300000,0x000000f6a7400000) (1024K)]
  0x0000029080a19360 JavaThread "Timer-242"                         [_thread_blocked, id=26464, stack(0x000000f6a7000000,0x000000f6a7100000) (1024K)]
  0x0000029080a1a080 JavaThread "Timer-243"                         [_thread_blocked, id=25560, stack(0x000000f6a7500000,0x000000f6a7600000) (1024K)]
  0x0000029080a1ada0 JavaThread "Timer-244"                         [_thread_blocked, id=18244, stack(0x000000f6a6000000,0x000000f6a6100000) (1024K)]
  0x0000029080a1b430 JavaThread "Timer-245"                         [_thread_blocked, id=12236, stack(0x000000f6a7600000,0x000000f6a7700000) (1024K)]
  0x0000029080a1bac0 JavaThread "Timer-246"                         [_thread_blocked, id=20420, stack(0x000000f6a7400000,0x000000f6a7500000) (1024K)]
  0x0000029080a199f0 JavaThread "Timer-247"                         [_thread_blocked, id=29276, stack(0x000000f6a7900000,0x000000f6a7a00000) (1024K)]
  0x0000029080a1e8b0 JavaThread "Timer-248"                         [_thread_blocked, id=23756, stack(0x000000f6a7a00000,0x000000f6a7b00000) (1024K)]
  0x0000029080a20980 JavaThread "Timer-249"                         [_thread_blocked, id=21316, stack(0x000000f6a7b00000,0x000000f6a7c00000) (1024K)]
  0x0000029080a1ef40 JavaThread "Timer-250"                         [_thread_blocked, id=17716, stack(0x000000f6a7d00000,0x000000f6a7e00000) (1024K)]
  0x0000029080a1f5d0 JavaThread "Timer-251"                         [_thread_blocked, id=10860, stack(0x000000f6a7100000,0x000000f6a7200000) (1024K)]
  0x0000029080a1ce70 JavaThread "Timer-252"                         [_thread_blocked, id=24920, stack(0x000000f6a7c00000,0x000000f6a7d00000) (1024K)]
  0x0000029080a1d500 JavaThread "Timer-253"                         [_thread_blocked, id=14048, stack(0x000000f6a7800000,0x000000f6a7900000) (1024K)]
  0x0000029080a202f0 JavaThread "Timer-254"                         [_thread_blocked, id=8068, stack(0x000000f6a8000000,0x000000f6a8100000) (1024K)]
  0x0000029080a1db90 JavaThread "Timer-255"                         [_thread_blocked, id=3716, stack(0x000000f6a8100000,0x000000f6a8200000) (1024K)]
  0x0000029080a21010 JavaThread "Timer-256"                         [_thread_blocked, id=23084, stack(0x000000f6a8200000,0x000000f6a8300000) (1024K)]
  0x0000029080a216a0 JavaThread "Timer-257"                         [_thread_blocked, id=18280, stack(0x000000f6a8400000,0x000000f6a8500000) (1024K)]
  0x0000029080a1fc60 JavaThread "Timer-258"                         [_thread_blocked, id=28776, stack(0x000000f6a7f00000,0x000000f6a8000000) (1024K)]
  0x0000029080a1e220 JavaThread "Timer-259"                         [_thread_blocked, id=26748, stack(0x000000f6a8500000,0x000000f6a8600000) (1024K)]
  0x0000029080a1c150 JavaThread "Timer-260"                         [_thread_blocked, id=18028, stack(0x000000f6a7700000,0x000000f6a7800000) (1024K)]
  0x0000029080a23e00 JavaThread "Timer-261"                         [_thread_blocked, id=12152, stack(0x000000f6a8800000,0x000000f6a8900000) (1024K)]
  0x0000029080a251b0 JavaThread "Timer-262"                         [_thread_blocked, id=2436, stack(0x000000f6a8a00000,0x000000f6a8b00000) (1024K)]
  0x0000029080a23770 JavaThread "Timer-263"                         [_thread_blocked, id=25784, stack(0x000000f6a8900000,0x000000f6a8a00000) (1024K)]
  0x0000029080a24490 JavaThread "Timer-264"                         [_thread_blocked, id=25788, stack(0x000000f6a8c00000,0x000000f6a8d00000) (1024K)]
  0x0000029080a230e0 JavaThread "Timer-265"                         [_thread_blocked, id=22380, stack(0x000000f6a8600000,0x000000f6a8700000) (1024K)]
  0x0000029080a1c7e0 JavaThread "Timer-266"                         [_thread_blocked, id=22860, stack(0x000000f6a7e00000,0x000000f6a7f00000) (1024K)]
  0x0000029080a21d30 JavaThread "Timer-267"                         [_thread_blocked, id=24376, stack(0x000000f6a8700000,0x000000f6a8800000) (1024K)]
  0x0000029080a223c0 JavaThread "Timer-268"                         [_thread_blocked, id=1416, stack(0x000000f6a8e00000,0x000000f6a8f00000) (1024K)]
  0x0000029080a28630 JavaThread "Timer-269"                         [_thread_blocked, id=18960, stack(0x000000f6a8f00000,0x000000f6a9000000) (1024K)]
  0x0000029080a26bf0 JavaThread "Timer-270"                         [_thread_blocked, id=3244, stack(0x000000f6a9000000,0x000000f6a9100000) (1024K)]
  0x0000029080a26560 JavaThread "Timer-271"                         [_thread_blocked, id=11536, stack(0x000000f6a9200000,0x000000f6a9300000) (1024K)]
  0x0000029080a25ed0 JavaThread "Timer-272"                         [_thread_blocked, id=21788, stack(0x000000f6a8b00000,0x000000f6a8c00000) (1024K)]
  0x0000029080a24b20 JavaThread "Timer-273"                         [_thread_blocked, id=26068, stack(0x000000f6a8300000,0x000000f6a8400000) (1024K)]
  0x0000029080a22a50 JavaThread "Timer-274"                         [_thread_blocked, id=25988, stack(0x000000f6a9100000,0x000000f6a9200000) (1024K)]
  0x0000029080a25840 JavaThread "Timer-275"                         [_thread_blocked, id=22432, stack(0x000000f6a9400000,0x000000f6a9500000) (1024K)]
  0x0000029062e479c0 JavaThread "Timer-276"                         [_thread_blocked, id=25284, stack(0x000000f6a9500000,0x000000f6a9600000) (1024K)]
  0x0000029062c06eb0 JavaThread "Timer-277"                         [_thread_blocked, id=28524, stack(0x000000f6a9700000,0x000000f6a9800000) (1024K)]
  0x000002906269bb30 JavaThread "Timer-278"                         [_thread_blocked, id=7536, stack(0x000000f6a9900000,0x000000f6a9a00000) (1024K)]
  0x000002906269cee0 JavaThread "Timer-279"                         [_thread_blocked, id=6560, stack(0x000000f6a9600000,0x000000f6a9700000) (1024K)]
  0x000002906269a780 JavaThread "Timer-280"                         [_thread_blocked, id=25612, stack(0x000000f6a9a00000,0x000000f6a9b00000) (1024K)]
  0x000002906269a0f0 JavaThread "Timer-281"                         [_thread_blocked, id=27988, stack(0x000000f6a8d00000,0x000000f6a8e00000) (1024K)]
  0x000002906269e290 JavaThread "Timer-282"                         [_thread_blocked, id=28872, stack(0x000000f6a9c00000,0x000000f6a9d00000) (1024K)]
  0x000002906269dc00 JavaThread "Timer-283"                         [_thread_blocked, id=9092, stack(0x000000f6a9d00000,0x000000f6a9e00000) (1024K)]
  0x000002906269d570 JavaThread "Timer-284"                         [_thread_blocked, id=5316, stack(0x000000f6a9e00000,0x000000f6a9f00000) (1024K)]
  0x000002906269ae10 JavaThread "Timer-285"                         [_thread_blocked, id=20540, stack(0x000000f6aa000000,0x000000f6aa100000) (1024K)]
  0x000002906269e920 JavaThread "Timer-286"                         [_thread_blocked, id=21792, stack(0x000000f6a9800000,0x000000f6a9900000) (1024K)]
  0x000002906269b4a0 JavaThread "Timer-287"                         [_thread_blocked, id=11172, stack(0x000000f6a9300000,0x000000f6a9400000) (1024K)]
  0x000002906269efb0 JavaThread "Timer-288"                         [_thread_blocked, id=28308, stack(0x000000f6a9f00000,0x000000f6aa000000) (1024K)]
  0x000002906269c850 JavaThread "Timer-289"                         [_thread_blocked, id=24248, stack(0x000000f6aa300000,0x000000f6aa400000) (1024K)]
  0x00000290626a0360 JavaThread "Timer-290"                         [_thread_blocked, id=20584, stack(0x000000f6aa400000,0x000000f6aa500000) (1024K)]
  0x00000290626a2430 JavaThread "Timer-291"                         [_thread_blocked, id=8736, stack(0x000000f6aa500000,0x000000f6aa600000) (1024K)]
  0x00000290626a09f0 JavaThread "Timer-292"                         [_thread_blocked, id=16900, stack(0x000000f6aa700000,0x000000f6aa800000) (1024K)]
  0x00000290626a2ac0 JavaThread "Timer-293"                         [_thread_blocked, id=11380, stack(0x000000f6aa200000,0x000000f6aa300000) (1024K)]
  0x0000029062699a60 JavaThread "Timer-294"                         [_thread_blocked, id=6124, stack(0x000000f6a9b00000,0x000000f6a9c00000) (1024K)]
  0x000002906269fcd0 JavaThread "Timer-295"                         [_thread_blocked, id=19028, stack(0x000000f6aa600000,0x000000f6aa700000) (1024K)]
  0x00000290626a37e0 JavaThread "Timer-296"                         [_thread_blocked, id=6852, stack(0x000000f6aaa00000,0x000000f6aab00000) (1024K)]
  0x00000290626a1da0 JavaThread "Timer-297"                         [_thread_blocked, id=8112, stack(0x000000f6aab00000,0x000000f6aac00000) (1024K)]
  0x00000290626a3150 JavaThread "Timer-298"                         [_thread_blocked, id=9832, stack(0x000000f6aac00000,0x000000f6aad00000) (1024K)]
  0x00000290626a4500 JavaThread "Timer-299"                         [_thread_blocked, id=16360, stack(0x000000f6aae00000,0x000000f6aaf00000) (1024K)]
  0x000002906269f640 JavaThread "Timer-300"                         [_thread_blocked, id=29148, stack(0x000000f6aa100000,0x000000f6aa200000) (1024K)]
  0x00000290626a1080 JavaThread "Timer-301"                         [_thread_blocked, id=27824, stack(0x000000f6aad00000,0x000000f6aae00000) (1024K)]
  0x00000290626a1710 JavaThread "Timer-302"                         [_thread_blocked, id=20704, stack(0x000000f6aa900000,0x000000f6aaa00000) (1024K)]
  0x00000290626a8010 JavaThread "Timer-303"                         [_thread_blocked, id=17052, stack(0x000000f6ab100000,0x000000f6ab200000) (1024K)]
  0x00000290626a65d0 JavaThread "Timer-304"                         [_thread_blocked, id=12148, stack(0x000000f6ab200000,0x000000f6ab300000) (1024K)]
  0x00000290626a6c60 JavaThread "Timer-305"                         [_thread_blocked, id=19388, stack(0x000000f6ab300000,0x000000f6ab400000) (1024K)]
  0x00000290626a86a0 JavaThread "Timer-306"                         [_thread_blocked, id=24280, stack(0x000000f6ab500000,0x000000f6ab600000) (1024K)]
  0x00000290626a5220 JavaThread "Timer-307"                         [_thread_blocked, id=27612, stack(0x000000f6ab000000,0x000000f6ab100000) (1024K)]
  0x00000290626a58b0 JavaThread "Timer-308"                         [_thread_blocked, id=24608, stack(0x000000f6ab600000,0x000000f6ab700000) (1024K)]
  0x00000290626a5f40 JavaThread "Timer-309"                         [_thread_blocked, id=27860, stack(0x000000f6ab400000,0x000000f6ab500000) (1024K)]
  0x00000290626a3e70 JavaThread "Timer-310"                         [_thread_blocked, id=11324, stack(0x000000f6aaf00000,0x000000f6ab000000) (1024K)]
  0x00000290626a7980 JavaThread "Timer-311"                         [_thread_blocked, id=23432, stack(0x000000f6ab700000,0x000000f6ab800000) (1024K)]
  0x00000290626a4b90 JavaThread "Timer-312"                         [_thread_blocked, id=23032, stack(0x000000f6ab800000,0x000000f6ab900000) (1024K)]
  0x00000290626ac1b0 JavaThread "Timer-313"                         [_thread_blocked, id=22004, stack(0x000000f6aba00000,0x000000f6abb00000) (1024K)]
  0x00000290626a93c0 JavaThread "Timer-314"                         [_thread_blocked, id=15476, stack(0x000000f6ab900000,0x000000f6aba00000) (1024K)]
  0x00000290626abb20 JavaThread "Timer-315"                         [_thread_blocked, id=6036, stack(0x000000f6abb00000,0x000000f6abc00000) (1024K)]
  0x00000290626ac840 JavaThread "Timer-316"                         [_thread_blocked, id=16940, stack(0x000000f6abc00000,0x000000f6abd00000) (1024K)]
  0x00000290626ad560 JavaThread "Timer-317"                         [_thread_blocked, id=14260, stack(0x000000f6ac100000,0x000000f6ac200000) (1024K)]
  0x00000290626adbf0 JavaThread "Timer-318"                         [_thread_blocked, id=12956, stack(0x000000f6ac200000,0x000000f6ac300000) (1024K)]
  0x00000290626ae280 JavaThread "Timer-319"                         [_thread_blocked, id=16568, stack(0x000000f6ac300000,0x000000f6ac400000) (1024K)]
  0x00000290626aae00 JavaThread "Timer-320"                         [_thread_blocked, id=4768, stack(0x000000f6ac500000,0x000000f6ac600000) (1024K)]
  0x00000290626ae910 JavaThread "Timer-321"                         [_thread_blocked, id=17736, stack(0x000000f6ac400000,0x000000f6ac500000) (1024K)]
  0x00000290626ab490 JavaThread "Timer-322"                         [_thread_blocked, id=3672, stack(0x000000f6aa800000,0x000000f6aa900000) (1024K)]
  0x00000290626a9a50 JavaThread "Timer-323"                         [_thread_blocked, id=21824, stack(0x000000f6ac600000,0x000000f6ac700000) (1024K)]
  0x00000290626af630 JavaThread "Timer-324"                         [_thread_blocked, id=24400, stack(0x000000f6ac700000,0x000000f6ac800000) (1024K)]
  0x00000290626b09e0 JavaThread "Timer-325"                         [_thread_blocked, id=13016, stack(0x000000f6ac900000,0x000000f6aca00000) (1024K)]
  0x00000290626b3140 JavaThread "Timer-326"                         [_thread_blocked, id=7256, stack(0x000000f6aca00000,0x000000f6acb00000) (1024K)]
  0x00000290626b1070 JavaThread "Timer-327"                         [_thread_blocked, id=29176, stack(0x000000f6acc00000,0x000000f6acd00000) (1024K)]
  0x00000290626b1700 JavaThread "Timer-328"                         [_thread_blocked, id=29712, stack(0x000000f6acb00000,0x000000f6acc00000) (1024K)]
  0x00000290626b1d90 JavaThread "Timer-329"                         [_thread_blocked, id=29720, stack(0x000000f6ace00000,0x000000f6acf00000) (1024K)]
  0x00000290626b2420 JavaThread "Timer-330"                         [_thread_blocked, id=29756, stack(0x000000f6acd00000,0x000000f6ace00000) (1024K)]
  0x00000290626b0350 JavaThread "Timer-331"                         [_thread_blocked, id=29888, stack(0x000000f6ad100000,0x000000f6ad200000) (1024K)]
  0x00000290626b4b80 JavaThread "Timer-332"                         [_thread_blocked, id=29924, stack(0x000000f6ad200000,0x000000f6ad300000) (1024K)]
  0x00000290626b3e60 JavaThread "Timer-333"                         [_thread_blocked, id=29960, stack(0x000000f6ad300000,0x000000f6ad400000) (1024K)]
  0x00000290626b58a0 JavaThread "Timer-334"                         [_thread_blocked, id=30012, stack(0x000000f6ad500000,0x000000f6ad600000) (1024K)]
  0x00000290626b44f0 JavaThread "Timer-335"                         [_thread_blocked, id=30500, stack(0x000000f6abf00000,0x000000f6ac000000) (1024K)]
  0x00000290626b72e0 JavaThread "Timer-336"                         [_thread_blocked, id=30592, stack(0x000000f6acf00000,0x000000f6ad000000) (1024K)]
  0x00000290626b8000 JavaThread "Timer-337"                         [_thread_blocked, id=30600, stack(0x000000f6ad400000,0x000000f6ad500000) (1024K)]
  0x00000290626b65c0 JavaThread "Worker-33"                         [_thread_blocked, id=30716, stack(0x000000f6ad600000,0x000000f6ad700000) (1024K)]
  0x00000290626b6c50 JavaThread "Timer-338"                         [_thread_blocked, id=9660, stack(0x000000f6ad800000,0x000000f6ad900000) (1024K)]
  0x00000290626b8690 JavaThread "Timer-339"                         [_thread_blocked, id=14656, stack(0x000000f6adb00000,0x000000f6adc00000) (1024K)]
  0x00000290626b8d20 JavaThread "Timer-340"                         [_thread_blocked, id=25092, stack(0x000000f6ad900000,0x000000f6ada00000) (1024K)]
  0x00000290626a72f0 JavaThread "Timer-341"                         [_thread_blocked, id=29708, stack(0x000000f6adc00000,0x000000f6add00000) (1024K)]
  0x00000290626b2ab0 JavaThread "Timer-342"                         [_thread_blocked, id=29948, stack(0x000000f6ada00000,0x000000f6adb00000) (1024K)]
  0x00000290626afcc0 JavaThread "Timer-343"                         [_thread_blocked, id=29892, stack(0x000000f6add00000,0x000000f6ade00000) (1024K)]
  0x00000290626b5f30 JavaThread "Timer-344"                         [_thread_blocked, id=29964, stack(0x000000f6ac800000,0x000000f6ac900000) (1024K)]
  0x00000290626b7970 JavaThread "Timer-345"                         [_thread_blocked, id=30208, stack(0x000000f6ae000000,0x000000f6ae100000) (1024K)]
  0x0000029062e4b4d0 JavaThread "Timer-346"                         [_thread_blocked, id=30288, stack(0x000000f6ae100000,0x000000f6ae200000) (1024K)]
  0x00000290629b62f0 JavaThread "Timer-347"                         [_thread_blocked, id=30180, stack(0x000000f6ae200000,0x000000f6ae300000) (1024K)]
  0x00000290629b9e00 JavaThread "Timer-348"                         [_thread_blocked, id=22804, stack(0x000000f6ae300000,0x000000f6ae400000) (1024K)]
  0x00000290629b83c0 JavaThread "Timer-349"                         [_thread_blocked, id=13260, stack(0x000000f6adf00000,0x000000f6ae000000) (1024K)]
  0x00000290629b8a50 JavaThread "Timer-350"                         [_thread_blocked, id=22408, stack(0x000000f6ae500000,0x000000f6ae600000) (1024K)]
  0x00000290629b90e0 JavaThread "Timer-351"                         [_thread_blocked, id=23612, stack(0x000000f6ad700000,0x000000f6ad800000) (1024K)]
  0x00000290629b76a0 JavaThread "Timer-352"                         [_thread_blocked, id=29792, stack(0x000000f6ae700000,0x000000f6ae800000) (1024K)]
  0x00000290629b9770 JavaThread "Timer-353"                         [_thread_blocked, id=21056, stack(0x000000f6ae900000,0x000000f6aea00000) (1024K)]
  0x00000290629bd280 JavaThread "Timer-354"                         [_thread_blocked, id=29796, stack(0x000000f6ae800000,0x000000f6ae900000) (1024K)]
  0x00000290629bb840 JavaThread "Timer-355"                         [_thread_blocked, id=23456, stack(0x000000f6aeb00000,0x000000f6aec00000) (1024K)]
  0x00000290629bab20 JavaThread "Timer-356"                         [_thread_blocked, id=30344, stack(0x000000f6ae600000,0x000000f6ae700000) (1024K)]
  0x00000290629b7d30 JavaThread "Timer-357"                         [_thread_blocked, id=30492, stack(0x000000f6ade00000,0x000000f6adf00000) (1024K)]
  0x00000290629b7010 JavaThread "Timer-358"                         [_thread_blocked, id=30224, stack(0x000000f6aea00000,0x000000f6aeb00000) (1024K)]
  0x00000290629be630 JavaThread "Timer-359"                         [_thread_blocked, id=30572, stack(0x000000f6aed00000,0x000000f6aee00000) (1024K)]
  0x00000290629bbed0 JavaThread "Timer-360"                         [_thread_blocked, id=30580, stack(0x000000f6aee00000,0x000000f6aef00000) (1024K)]
  0x00000290629bb1b0 JavaThread "Timer-361"                         [_thread_blocked, id=30172, stack(0x000000f6aef00000,0x000000f6af000000) (1024K)]
  0x00000290629becc0 JavaThread "Timer-362"                         [_thread_blocked, id=3240, stack(0x000000f6af000000,0x000000f6af100000) (1024K)]
  0x00000290629b6980 JavaThread "Timer-363"                         [_thread_blocked, id=30496, stack(0x000000f6abe00000,0x000000f6abf00000) (1024K)]
  0x00000290629bf350 JavaThread "Timer-364"                         [_thread_blocked, id=29820, stack(0x000000f6af100000,0x000000f6af200000) (1024K)]
  0x00000290629bf9e0 JavaThread "Timer-365"                         [_thread_blocked, id=7740, stack(0x000000f6af200000,0x000000f6af300000) (1024K)]
  0x00000290629c27d0 JavaThread "Timer-366"                         [_thread_blocked, id=30052, stack(0x000000f6af500000,0x000000f6af600000) (1024K)]
  0x00000290629c34f0 JavaThread "Timer-367"                         [_thread_blocked, id=30016, stack(0x000000f6af600000,0x000000f6af700000) (1024K)]
  0x00000290629c2e60 JavaThread "Timer-368"                         [_thread_blocked, id=30188, stack(0x000000f6af700000,0x000000f6af800000) (1024K)]
  0x00000290629c3b80 JavaThread "Timer-369"                         [_thread_blocked, id=29852, stack(0x000000f6af900000,0x000000f6afa00000) (1024K)]
  0x00000290629c0070 JavaThread "Timer-370"                         [_thread_blocked, id=3120, stack(0x000000f6af300000,0x000000f6af400000) (1024K)]
  0x00000290629bc560 JavaThread "Timer-371"                         [_thread_blocked, id=30408, stack(0x000000f6ae400000,0x000000f6ae500000) (1024K)]
  0x00000290629c0d90 JavaThread "Timer-372"                         [_thread_blocked, id=30620, stack(0x000000f6ac000000,0x000000f6ac100000) (1024K)]
  0x00000290629c48a0 JavaThread "Timer-373"                         [_thread_blocked, id=3472, stack(0x000000f6af800000,0x000000f6af900000) (1024K)]
  0x00000290629c1ab0 JavaThread "Timer-374"                         [_thread_blocked, id=20020, stack(0x000000f6afa00000,0x000000f6afb00000) (1024K)]
  0x00000290629bcbf0 JavaThread "Timer-375"                         [_thread_blocked, id=7744, stack(0x000000f6abd00000,0x000000f6abe00000) (1024K)]
  0x00000290629c2140 JavaThread "Timer-376"                         [_thread_blocked, id=30392, stack(0x000000f6afc00000,0x000000f6afd00000) (1024K)]
  0x00000290629c1420 JavaThread "Timer-377"                         [_thread_blocked, id=11996, stack(0x000000f6afb00000,0x000000f6afc00000) (1024K)]
  0x00000290629c7690 JavaThread "Timer-378"                         [_thread_blocked, id=30088, stack(0x000000f6afd00000,0x000000f6afe00000) (1024K)]
  0x00000290629c7d20 JavaThread "Timer-379"                         [_thread_blocked, id=30708, stack(0x000000f6afe00000,0x000000f6aff00000) (1024K)]
  0x00000290629c4f30 JavaThread "Timer-380"                         [_thread_blocked, id=6940, stack(0x000000f6aff00000,0x000000f6b0000000) (1024K)]
  0x00000290629c7000 JavaThread "Timer-381"                         [_thread_blocked, id=30604, stack(0x000000f6b0000000,0x000000f6b0100000) (1024K)]
  0x00000290629c55c0 JavaThread "Timer-382"                         [_thread_blocked, id=4128, stack(0x000000f6b0100000,0x000000f6b0200000) (1024K)]
  0x00000290629c5c50 JavaThread "Timer-383"                         [_thread_blocked, id=30624, stack(0x000000f6b0200000,0x000000f6b0300000) (1024K)]
  0x00000290629c4210 JavaThread "Timer-384"                         [_thread_blocked, id=7152, stack(0x000000f6af400000,0x000000f6af500000) (1024K)]
  0x00000290629bdfa0 JavaThread "Timer-385"                         [_thread_blocked, id=22592, stack(0x000000f6aec00000,0x000000f6aed00000) (1024K)]
  0x00000290629c83b0 JavaThread "Timer-386"                         [_thread_blocked, id=23976, stack(0x000000f6b0300000,0x000000f6b0400000) (1024K)]
  0x00000290629c8a40 JavaThread "Timer-387"                         [_thread_blocked, id=11884, stack(0x000000f6b0500000,0x000000f6b0600000) (1024K)]
  0x00000290629c9760 JavaThread "Timer-388"                         [_thread_blocked, id=26352, stack(0x000000f6b0600000,0x000000f6b0700000) (1024K)]
  0x00000290629c62e0 JavaThread "Timer-389"                         [_thread_blocked, id=29744, stack(0x000000f6b0800000,0x000000f6b0900000) (1024K)]
  0x00000290629cb830 JavaThread "Timer-390"                         [_thread_blocked, id=8716, stack(0x000000f6b0900000,0x000000f6b0a00000) (1024K)]
  0x00000290629c6970 JavaThread "Timer-391"                         [_thread_blocked, id=30280, stack(0x000000f6b0700000,0x000000f6b0800000) (1024K)]
  0x00000290629ca480 JavaThread "Timer-392"                         [_thread_blocked, id=25500, stack(0x000000f6b0b00000,0x000000f6b0c00000) (1024K)]
  0x00000290629bd910 JavaThread "Timer-393"                         [_thread_blocked, id=21772, stack(0x000000f6ad000000,0x000000f6ad100000) (1024K)]
  0x00000290629cab10 JavaThread "Timer-394"                         [_thread_blocked, id=29868, stack(0x000000f6b0c00000,0x000000f6b0d00000) (1024K)]
  0x00000290629cc550 JavaThread "Timer-395"                         [_thread_blocked, id=30316, stack(0x000000f6b0d00000,0x000000f6b0e00000) (1024K)]
  0x00000290629c90d0 JavaThread "Timer-396"                         [_thread_blocked, id=5836, stack(0x000000f6b0f00000,0x000000f6b1000000) (1024K)]
  0x00000290629cf9d0 JavaThread "Timer-397"                         [_thread_blocked, id=26320, stack(0x000000f6b1000000,0x000000f6b1100000) (1024K)]
  0x00000290629ce620 JavaThread "Timer-398"                         [_thread_blocked, id=19548, stack(0x000000f6b0e00000,0x000000f6b0f00000) (1024K)]
  0x00000290629ccbe0 JavaThread "Timer-399"                         [_thread_blocked, id=28092, stack(0x000000f6b1200000,0x000000f6b1300000) (1024K)]
  0x00000290629cdf90 JavaThread "Timer-400"                         [_thread_blocked, id=30664, stack(0x000000f6b1100000,0x000000f6b1200000) (1024K)]
  0x00000290629cbec0 JavaThread "Timer-401"                         [_thread_blocked, id=29908, stack(0x000000f6b0a00000,0x000000f6b0b00000) (1024K)]
  0x00000290629cd270 JavaThread "Timer-402"                         [_thread_blocked, id=8628, stack(0x000000f6b1300000,0x000000f6b1400000) (1024K)]
  0x00000290629c9df0 JavaThread "Timer-403"                         [_thread_blocked, id=29700, stack(0x000000f6b1400000,0x000000f6b1500000) (1024K)]
  0x00000290629cecb0 JavaThread "Timer-404"                         [_thread_blocked, id=23736, stack(0x000000f6b1600000,0x000000f6b1700000) (1024K)]
  0x00000290629cf340 JavaThread "Timer-405"                         [_thread_blocked, id=23532, stack(0x000000f6b1500000,0x000000f6b1600000) (1024K)]
  0x00000290629cd900 JavaThread "Timer-406"                         [_thread_blocked, id=20492, stack(0x000000f6b1800000,0x000000f6b1900000) (1024K)]
  0x00000290629d0060 JavaThread "Timer-407"                         [_thread_blocked, id=26960, stack(0x000000f6b1700000,0x000000f6b1800000) (1024K)]
  0x00000290629d2130 JavaThread "Timer-408"                         [_thread_blocked, id=30220, stack(0x000000f6b1c00000,0x000000f6b1d00000) (1024K)]
  0x00000290629d27c0 JavaThread "Timer-409"                         [_thread_blocked, id=2620, stack(0x000000f6b1f00000,0x000000f6b2000000) (1024K)]
  0x00000290629d3b70 JavaThread "Timer-410"                         [_thread_blocked, id=8236, stack(0x000000f6b1d00000,0x000000f6b1e00000) (1024K)]
  0x00000290629d06f0 JavaThread "Timer-411"                         [_thread_blocked, id=8484, stack(0x000000f6b2000000,0x000000f6b2100000) (1024K)]
  0x00000290629cb1a0 JavaThread "Timer-412"                         [_thread_blocked, id=24800, stack(0x000000f6b0400000,0x000000f6b0500000) (1024K)]
  0x00000290629d4200 JavaThread "Timer-413"                         [_thread_blocked, id=1820, stack(0x000000f6b1e00000,0x000000f6b1f00000) (1024K)]
  0x00000290629d0d80 JavaThread "Timer-414"                         [_thread_blocked, id=2144, stack(0x000000f6b1b00000,0x000000f6b1c00000) (1024K)]
  0x00000290629d2e50 JavaThread "Timer-415"                         [_thread_blocked, id=18372, stack(0x000000f6b2300000,0x000000f6b2400000) (1024K)]
  0x00000290629d34e0 JavaThread "Timer-416"                         [_thread_blocked, id=23016, stack(0x000000f6b2400000,0x000000f6b2500000) (1024K)]
  0x00000290629d55b0 JavaThread "Timer-417"                         [_thread_blocked, id=13004, stack(0x000000f6b2500000,0x000000f6b2600000) (1024K)]
  0x00000290626aced0 JavaThread "Timer-418"                         [_thread_blocked, id=14800, stack(0x000000f6b2700000,0x000000f6b2800000) (1024K)]
  0x00000290626aa0e0 JavaThread "Timer-419"                         [_thread_blocked, id=24620, stack(0x000000f6b1900000,0x000000f6b1a00000) (1024K)]
  0x00000290626aa770 JavaThread "Timer-420"                         [_thread_blocked, id=30340, stack(0x000000f6b2200000,0x000000f6b2300000) (1024K)]
  0x00000290626b37d0 JavaThread "Timer-421"                         [_thread_blocked, id=23452, stack(0x000000f6b1a00000,0x000000f6b1b00000) (1024K)]
  0x00000290629d1aa0 JavaThread "Timer-422"                         [_thread_blocked, id=30692, stack(0x000000f6b2900000,0x000000f6b2a00000) (1024K)]
  0x0000029080a27280 JavaThread "Timer-423"                         [_thread_blocked, id=27808, stack(0x000000f6b2a00000,0x000000f6b2b00000) (1024K)]
  0x0000029080a27fa0 JavaThread "Timer-424"                         [_thread_blocked, id=22984, stack(0x000000f6b2b00000,0x000000f6b2c00000) (1024K)]
  0x00000290626b5210 JavaThread "Timer-425"                         [_thread_blocked, id=22460, stack(0x000000f6b2d00000,0x000000f6b2e00000) (1024K)]
  0x000002906b0b8d80 JavaThread "Timer-426"                         [_thread_blocked, id=28888, stack(0x000000f6b2600000,0x000000f6b2700000) (1024K)]
  0x000002906b0b7340 JavaThread "Timer-427"                         [_thread_blocked, id=21800, stack(0x000000f6b2c00000,0x000000f6b2d00000) (1024K)]
  0x000002906b0b8060 JavaThread "Timer-428"                         [_thread_blocked, id=2968, stack(0x000000f6b2100000,0x000000f6b2200000) (1024K)]
  0x000002906b0b9aa0 JavaThread "Timer-429"                         [_thread_blocked, id=30520, stack(0x000000f6b3000000,0x000000f6b3100000) (1024K)]
  0x000002906b0b86f0 JavaThread "Timer-430"                         [_thread_blocked, id=17500, stack(0x000000f6b3100000,0x000000f6b3200000) (1024K)]
  0x000002906b0ba130 JavaThread "Timer-431"                         [_thread_blocked, id=23864, stack(0x000000f6b3200000,0x000000f6b3300000) (1024K)]
  0x000002906b0b6cb0 JavaThread "Timer-432"                         [_thread_blocked, id=22048, stack(0x000000f6b3300000,0x000000f6b3400000) (1024K)]
  0x000002906b0b6620 JavaThread "Timer-433"                         [_thread_blocked, id=24804, stack(0x000000f6b2f00000,0x000000f6b3000000) (1024K)]
  0x000002906b0ba7c0 JavaThread "Timer-434"                         [_thread_blocked, id=29736, stack(0x000000f6b3500000,0x000000f6b3600000) (1024K)]
  0x000002906b0b9410 JavaThread "Timer-435"                         [_thread_blocked, id=29804, stack(0x000000f6b2800000,0x000000f6b2900000) (1024K)]
  0x000002906b0bae50 JavaThread "Timer-436"                         [_thread_blocked, id=30616, stack(0x000000f6b3700000,0x000000f6b3800000) (1024K)]
  0x000002906b0b5f90 JavaThread "Timer-437"                         [_thread_blocked, id=28516, stack(0x000000f6b3400000,0x000000f6b3500000) (1024K)]
  0x000002906b0bbb70 JavaThread "Timer-438"                         [_thread_blocked, id=25664, stack(0x000000f6b3800000,0x000000f6b3900000) (1024K)]
  0x000002906b0bd5b0 JavaThread "Timer-439"                         [_thread_blocked, id=30080, stack(0x000000f6b3a00000,0x000000f6b3b00000) (1024K)]
  0x000002906b0b79d0 JavaThread "Timer-440"                         [_thread_blocked, id=1644, stack(0x000000f6b2e00000,0x000000f6b2f00000) (1024K)]
  0x000002906b0bcf20 JavaThread "Timer-441"                         [_thread_blocked, id=16420, stack(0x000000f6b3900000,0x000000f6b3a00000) (1024K)]
  0x000002906b0bc890 JavaThread "Timer-442"                         [_thread_blocked, id=29504, stack(0x000000f6b3b00000,0x000000f6b3c00000) (1024K)]
  0x000002906b0be2d0 JavaThread "Timer-443"                         [_thread_blocked, id=30300, stack(0x000000f6b3c00000,0x000000f6b3d00000) (1024K)]
  0x000002906b0be960 JavaThread "Timer-444"                         [_thread_blocked, id=30548, stack(0x000000f6b3e00000,0x000000f6b3f00000) (1024K)]
  0x000002906b0bc200 JavaThread "Timer-445"                         [_thread_blocked, id=23048, stack(0x000000f6b3d00000,0x000000f6b3e00000) (1024K)]
  0x000002906b0bb4e0 JavaThread "Timer-446"                         [_thread_blocked, id=30612, stack(0x000000f6b4000000,0x000000f6b4100000) (1024K)]
  0x000002906b0beff0 JavaThread "Timer-447"                         [_thread_blocked, id=23356, stack(0x000000f6b3f00000,0x000000f6b4000000) (1024K)]
  0x000002906b0c10c0 JavaThread "Timer-448"                         [_thread_blocked, id=29824, stack(0x000000f6b4100000,0x000000f6b4200000) (1024K)]
  0x000002906b0c2b00 JavaThread "Timer-449"                         [_thread_blocked, id=30056, stack(0x000000f6b4200000,0x000000f6b4300000) (1024K)]
  0x000002906b0bf680 JavaThread "Timer-450"                         [_thread_blocked, id=17040, stack(0x000000f6b4300000,0x000000f6b4400000) (1024K)]
  0x000002906b0c03a0 JavaThread "Timer-451"                         [_thread_blocked, id=26124, stack(0x000000f6b4700000,0x000000f6b4800000) (1024K)]
  0x000002906b0c0a30 JavaThread "Timer-452"                         [_thread_blocked, id=13696, stack(0x000000f6b4600000,0x000000f6b4700000) (1024K)]
  0x000002906b0bdc40 JavaThread "Timer-453"                         [_thread_blocked, id=26212, stack(0x000000f6b4800000,0x000000f6b4900000) (1024K)]
  0x000002906b0c3190 JavaThread "Timer-454"                         [_thread_blocked, id=28380, stack(0x000000f6b4900000,0x000000f6b4a00000) (1024K)]
  0x000002906b0c2470 JavaThread "Timer-455"                         [_thread_blocked, id=20828, stack(0x000000f6b4b00000,0x000000f6b4c00000) (1024K)]
  0x000002906b0c4bd0 JavaThread "Timer-456"                         [_thread_blocked, id=19752, stack(0x000000f6b4a00000,0x000000f6b4b00000) (1024K)]
  0x000002906b0c6610 JavaThread "Timer-457"                         [_thread_blocked, id=29944, stack(0x000000f6b5000000,0x000000f6b5100000) (1024K)]
  0x000002906b0c6ca0 JavaThread "Timer-458"                         [_thread_blocked, id=25436, stack(0x000000f6b5100000,0x000000f6b5200000) (1024K)]
  0x000002906b0c7330 JavaThread "Timer-459"                         [_thread_blocked, id=29784, stack(0x000000f6b5200000,0x000000f6b5300000) (1024K)]
  0x000002906b0c58f0 JavaThread "Timer-460"                         [_thread_blocked, id=23336, stack(0x000000f6b5400000,0x000000f6b5500000) (1024K)]
  0x000002906b0c4540 JavaThread "Timer-461"                         [_thread_blocked, id=19460, stack(0x000000f6b4d00000,0x000000f6b4e00000) (1024K)]
  0x000002906b0c3eb0 JavaThread "Timer-462"                         [_thread_blocked, id=11608, stack(0x000000f6b4f00000,0x000000f6b5000000) (1024K)]
  0x000002906b0bfd10 JavaThread "Timer-463"                         [_thread_blocked, id=30524, stack(0x000000f6b3600000,0x000000f6b3700000) (1024K)]
  0x000002906b0c5f80 JavaThread "Timer-464"                         [_thread_blocked, id=30512, stack(0x000000f6b5700000,0x000000f6b5800000) (1024K)]
  0x000002906b0cbb60 JavaThread "Timer-465"                         [_thread_blocked, id=28288, stack(0x000000f6b5900000,0x000000f6b5a00000) (1024K)]
  0x000002906b0ca120 JavaThread "Timer-466"                         [_thread_blocked, id=30000, stack(0x000000f6b5800000,0x000000f6b5900000) (1024K)]
  0x000002906b0c9a90 JavaThread "Timer-467"                         [_thread_blocked, id=30460, stack(0x000000f6b5b00000,0x000000f6b5c00000) (1024K)]
  0x000002906b0c1750 JavaThread "Timer-468"                         [_thread_blocked, id=30596, stack(0x000000f6b4c00000,0x000000f6b4d00000) (1024K)]
  0x000002906b0c86e0 JavaThread "Timer-469"                         [_thread_blocked, id=25176, stack(0x000000f6b5600000,0x000000f6b5700000) (1024K)]
  0x000002906b0c5260 JavaThread "Timer-470"                         [_thread_blocked, id=27856, stack(0x000000f6b4e00000,0x000000f6b4f00000) (1024K)]
  0x000002906b0cae40 JavaThread "Timer-471"                         [_thread_blocked, id=30100, stack(0x000000f6b5a00000,0x000000f6b5b00000) (1024K)]
  0x000002906b0c8050 JavaThread "Timer-472"                         [_thread_blocked, id=30140, stack(0x000000f6b5c00000,0x000000f6b5d00000) (1024K)]
  0x000002906b0c79c0 JavaThread "Timer-473"                         [_thread_blocked, id=30040, stack(0x000000f6b5e00000,0x000000f6b5f00000) (1024K)]
  0x000002906b0c8d70 JavaThread "Timer-474"                         [_thread_blocked, id=29940, stack(0x000000f6b6000000,0x000000f6b6100000) (1024K)]
  0x000002906b0cb4d0 JavaThread "Timer-475"                         [_thread_blocked, id=13532, stack(0x000000f6b5d00000,0x000000f6b5e00000) (1024K)]
  0x000002906b0cc880 JavaThread "Timer-476"                         [_thread_blocked, id=7148, stack(0x000000f6b6100000,0x000000f6b6200000) (1024K)]
  0x000002906b0c1de0 JavaThread "Timer-477"                         [_thread_blocked, id=1532, stack(0x000000f6b5300000,0x000000f6b5400000) (1024K)]
  0x000002906b0ca7b0 JavaThread "Timer-478"                         [_thread_blocked, id=24128, stack(0x000000f6b6300000,0x000000f6b6400000) (1024K)]
  0x000002906b0cd5a0 JavaThread "Timer-479"                         [_thread_blocked, id=22428, stack(0x000000f6b6500000,0x000000f6b6600000) (1024K)]
  0x000002906b0ce2c0 JavaThread "Timer-480"                         [_thread_blocked, id=5652, stack(0x000000f6b6400000,0x000000f6b6500000) (1024K)]
  0x000002906b0cfd00 JavaThread "Timer-481"                         [_thread_blocked, id=22340, stack(0x000000f6b6700000,0x000000f6b6800000) (1024K)]
  0x000002906b0c9400 JavaThread "Timer-482"                         [_thread_blocked, id=30628, stack(0x000000f6b6200000,0x000000f6b6300000) (1024K)]
  0x000002906b0cefe0 JavaThread "Timer-483"                         [_thread_blocked, id=3356, stack(0x000000f6b6600000,0x000000f6b6700000) (1024K)]
  0x000002906b0ce950 JavaThread "Timer-484"                         [_thread_blocked, id=32332, stack(0x000000f6b5500000,0x000000f6b5600000) (1024K)]
  0x000002906b0ccf10 JavaThread "Timer-485"                         [_thread_blocked, id=32732, stack(0x000000f6b6a00000,0x000000f6b6b00000) (1024K)]
  0x000002906b0d3180 JavaThread "Timer-486"                         [_thread_blocked, id=19392, stack(0x000000f6b6c00000,0x000000f6b6d00000) (1024K)]
  0x000002906b0d2af0 JavaThread "Timer-487"                         [_thread_blocked, id=20548, stack(0x000000f6b6b00000,0x000000f6b6c00000) (1024K)]
  0x000002906b0d3810 JavaThread "Timer-488"                         [_thread_blocked, id=32300, stack(0x000000f6b6e00000,0x000000f6b6f00000) (1024K)]
  0x000002906b0d1740 JavaThread "Timer-489"                         [_thread_blocked, id=32888, stack(0x000000f6b6900000,0x000000f6b6a00000) (1024K)]
  0x000002906b0d1dd0 JavaThread "Timer-490"                         [_thread_blocked, id=32904, stack(0x000000f6b6f00000,0x000000f6b7000000) (1024K)]
  0x000002906b0cc1f0 JavaThread "Timer-491"                         [_thread_blocked, id=33044, stack(0x000000f6b5f00000,0x000000f6b6000000) (1024K)]
  0x000002906b0d0390 JavaThread "Timer-492"                         [_thread_blocked, id=33148, stack(0x000000f6b7100000,0x000000f6b7200000) (1024K)]
  0x000002906b0d3ea0 JavaThread "Timer-493"                         [_thread_blocked, id=33192, stack(0x000000f6b7200000,0x000000f6b7300000) (1024K)]
  0x000002906b0d0a20 JavaThread "Timer-494"                         [_thread_blocked, id=33248, stack(0x000000f6b7300000,0x000000f6b7400000) (1024K)]
  0x000002906b0d4530 JavaThread "Timer-495"                         [_thread_blocked, id=33268, stack(0x000000f6b7500000,0x000000f6b7600000) (1024K)]
  0x000002906b0d2460 JavaThread "Timer-496"                         [_thread_blocked, id=33304, stack(0x000000f6b6800000,0x000000f6b6900000) (1024K)]
  0x000002906b0d10b0 JavaThread "Timer-497"                         [_thread_blocked, id=33324, stack(0x000000f6b7400000,0x000000f6b7500000) (1024K)]
  0x000002906b0d4bc0 JavaThread "Timer-498"                         [_thread_blocked, id=33544, stack(0x000000f6b7000000,0x000000f6b7100000) (1024K)]
  0x000002906b0cdc30 JavaThread "Timer-499"                         [_thread_blocked, id=23564, stack(0x000000f6b7600000,0x000000f6b7700000) (1024K)]
  0x000002906b0d5250 JavaThread "Timer-500"                         [_thread_blocked, id=33760, stack(0x000000f6b7700000,0x000000f6b7800000) (1024K)]
  0x00000290629d4f20 JavaThread "Timer-501"                         [_thread_blocked, id=24120, stack(0x000000f6b7a00000,0x000000f6b7b00000) (1024K)]
  0x000002908002dad0 JavaThread "Timer-502"                         [_thread_blocked, id=33196, stack(0x000000f6b7b00000,0x000000f6b7c00000) (1024K)]
  0x000002908002e160 JavaThread "Timer-503"                         [_thread_blocked, id=33396, stack(0x000000f6b7900000,0x000000f6b7a00000) (1024K)]
  0x000002908002c720 JavaThread "Timer-504"                         [_thread_blocked, id=32412, stack(0x000000f6b7c00000,0x000000f6b7d00000) (1024K)]
  0x000002908002ba00 JavaThread "Timer-505"                         [_thread_blocked, id=33368, stack(0x000000f6b7800000,0x000000f6b7900000) (1024K)]
  0x000002908002c090 JavaThread "Timer-506"                         [_thread_blocked, id=27676, stack(0x000000f6b7f00000,0x000000f6b8000000) (1024K)]
  0x000002908002f510 JavaThread "Timer-507"                         [_thread_blocked, id=26468, stack(0x000000f6b8100000,0x000000f6b8200000) (1024K)]
  0x000002908002d440 JavaThread "Timer-508"                         [_thread_blocked, id=30200, stack(0x000000f6b8300000,0x000000f6b8400000) (1024K)]
  0x000002908002b370 JavaThread "Timer-509"                         [_thread_blocked, id=22580, stack(0x000000f6b8500000,0x000000f6b8600000) (1024K)]
  0x000002908002ee80 JavaThread "Timer-510"                         [_thread_blocked, id=24656, stack(0x000000f6b7e00000,0x000000f6b7f00000) (1024K)]
  0x000002908002ace0 JavaThread "Timer-511"                         [_thread_blocked, id=29192, stack(0x000000f6b6d00000,0x000000f6b6e00000) (1024K)]
  0x0000029080030230 JavaThread "Timer-512"                         [_thread_blocked, id=16440, stack(0x000000f6b8400000,0x000000f6b8500000) (1024K)]
  0x0000029080030f50 JavaThread "Timer-513"                         [_thread_blocked, id=26856, stack(0x000000f6b8800000,0x000000f6b8900000) (1024K)]
  0x0000029080031c70 JavaThread "Timer-514"                         [_thread_blocked, id=25060, stack(0x000000f6b8900000,0x000000f6b8a00000) (1024K)]
  0x0000029080032300 JavaThread "Timer-515"                         [_thread_blocked, id=32820, stack(0x000000f6b8a00000,0x000000f6b8b00000) (1024K)]
  0x0000029080032990 JavaThread "Timer-516"                         [_thread_blocked, id=948, stack(0x000000f6b8c00000,0x000000f6b8d00000) (1024K)]
  0x00000290800308c0 JavaThread "Timer-517"                         [_thread_blocked, id=27772, stack(0x000000f6b8700000,0x000000f6b8800000) (1024K)]
  0x00000290800315e0 JavaThread "Timer-518"                         [_thread_blocked, id=11624, stack(0x000000f6b8d00000,0x000000f6b8e00000) (1024K)]
  0x000002908002e7f0 JavaThread "Timer-519"                         [_thread_blocked, id=12144, stack(0x000000f6b7d00000,0x000000f6b7e00000) (1024K)]
  0x0000029080033020 JavaThread "Timer-520"                         [_thread_blocked, id=6620, stack(0x000000f6b8b00000,0x000000f6b8c00000) (1024K)]
  0x000002908002fba0 JavaThread "Timer-521"                         [_thread_blocked, id=25504, stack(0x000000f6b8f00000,0x000000f6b9000000) (1024K)]
  0x0000029080033d40 JavaThread "Timer-522"                         [_thread_blocked, id=23352, stack(0x000000f6b8e00000,0x000000f6b8f00000) (1024K)]
  0x0000029080035780 JavaThread "Timer-523"                         [_thread_blocked, id=22696, stack(0x000000f6b9000000,0x000000f6b9100000) (1024K)]
  0x0000029080035e10 JavaThread "Timer-524"                         [_thread_blocked, id=28572, stack(0x000000f6b9100000,0x000000f6b9200000) (1024K)]
  0x00000290800364a0 JavaThread "Timer-525"                         [_thread_blocked, id=33176, stack(0x000000f6b9200000,0x000000f6b9300000) (1024K)]
  0x00000290800350f0 JavaThread "Timer-526"                         [_thread_blocked, id=32128, stack(0x000000f6b9300000,0x000000f6b9400000) (1024K)]
  0x00000290800371c0 JavaThread "Timer-527"                         [_thread_blocked, id=17200, stack(0x000000f6b9600000,0x000000f6b9700000) (1024K)]
  0x0000029080034a60 JavaThread "Timer-528"                         [_thread_blocked, id=27444, stack(0x000000f6b9700000,0x000000f6b9800000) (1024K)]
  0x0000029080038c00 JavaThread "Timer-529"                         [_thread_blocked, id=26392, stack(0x000000f6b9a00000,0x000000f6b9b00000) (1024K)]
  0x0000029080038570 JavaThread "Timer-530"                         [_thread_blocked, id=25672, stack(0x000000f6b9c00000,0x000000f6b9d00000) (1024K)]
  0x0000029080039fb0 JavaThread "Timer-531"                         [_thread_blocked, id=3508, stack(0x000000f6b9900000,0x000000f6b9a00000) (1024K)]
  0x0000029080036b30 JavaThread "Timer-532"                         [_thread_blocked, id=32848, stack(0x000000f6b9d00000,0x000000f6b9e00000) (1024K)]
  0x0000029080037ee0 JavaThread "Timer-533"                         [_thread_blocked, id=33564, stack(0x000000f6b9400000,0x000000f6b9500000) (1024K)]
  0x000002908003b360 JavaThread "Timer-534"                         [_thread_blocked, id=31672, stack(0x000000f6ba100000,0x000000f6ba200000) (1024K)]
  0x000002908003cda0 JavaThread "Timer-535"                         [_thread_blocked, id=30396, stack(0x000000f6ba200000,0x000000f6ba300000) (1024K)]
  0x000002908003c710 JavaThread "Timer-536"                         [_thread_blocked, id=7308, stack(0x000000f6ba300000,0x000000f6ba400000) (1024K)]
  0x000002908003b9f0 JavaThread "Timer-537"                         [_thread_blocked, id=11456, stack(0x000000f6ba500000,0x000000f6ba600000) (1024K)]
  0x000002908003a640 JavaThread "Timer-538"                         [_thread_blocked, id=33028, stack(0x000000f6b9f00000,0x000000f6ba000000) (1024K)]
  0x0000029080037850 JavaThread "Timer-539"                         [_thread_blocked, id=29752, stack(0x000000f6ba400000,0x000000f6ba500000) (1024K)]
  0x000002908003d430 JavaThread "Timer-540"                         [_thread_blocked, id=21740, stack(0x000000f6ba600000,0x000000f6ba700000) (1024K)]
  0x0000029080040f40 JavaThread "Timer-541"                         [_thread_blocked, id=32460, stack(0x000000f6ba800000,0x000000f6ba900000) (1024K)]
  0x000002908003e150 JavaThread "Timer-542"                         [_thread_blocked, id=27304, stack(0x000000f6ba900000,0x000000f6baa00000) (1024K)]
  0x000002908003e7e0 JavaThread "Timer-543"                         [_thread_blocked, id=30356, stack(0x000000f6baa00000,0x000000f6bab00000) (1024K)]
  0x00000290800408b0 JavaThread "Timer-544"                         [_thread_blocked, id=33432, stack(0x000000f6bab00000,0x000000f6bac00000) (1024K)]
  0x000002908003acd0 JavaThread "Timer-545"                         [_thread_blocked, id=20460, stack(0x000000f6b9e00000,0x000000f6b9f00000) (1024K)]
  0x0000029080039290 JavaThread "Timer-546"                         [_thread_blocked, id=29788, stack(0x000000f6bad00000,0x000000f6bae00000) (1024K)]
  0x000002908003fb90 JavaThread "Timer-547"                         [_thread_blocked, id=21108, stack(0x000000f6ba000000,0x000000f6ba100000) (1024K)]
  0x0000029080040220 JavaThread "Timer-548"                         [_thread_blocked, id=11516, stack(0x000000f6bae00000,0x000000f6baf00000) (1024K)]
  0x000002908003f500 JavaThread "Timer-549"                         [_thread_blocked, id=33636, stack(0x000000f6baf00000,0x000000f6bb000000) (1024K)]
  0x00000290800336b0 JavaThread "Timer-550"                         [_thread_blocked, id=5052, stack(0x000000f6b9500000,0x000000f6b9600000) (1024K)]
  0x000002908003dac0 JavaThread "Timer-551"                         [_thread_blocked, id=30196, stack(0x000000f6bb200000,0x000000f6bb300000) (1024K)]
  0x0000029080042980 JavaThread "Timer-552"                         [_thread_blocked, id=20868, stack(0x000000f6bb000000,0x000000f6bb100000) (1024K)]
  0x0000029080041c60 JavaThread "Timer-553"                         [_thread_blocked, id=3200, stack(0x000000f6bb400000,0x000000f6bb500000) (1024K)]
  0x00000290800415d0 JavaThread "Timer-554"                         [_thread_blocked, id=32668, stack(0x000000f6bb500000,0x000000f6bb600000) (1024K)]
  0x0000029080044a50 JavaThread "Timer-555"                         [_thread_blocked, id=21936, stack(0x000000f6bb600000,0x000000f6bb700000) (1024K)]
  0x0000029080043d30 JavaThread "Timer-556"                         [_thread_blocked, id=12812, stack(0x000000f6bb700000,0x000000f6bb800000) (1024K)]
  0x0000029080043010 JavaThread "Timer-557"                         [_thread_blocked, id=1740, stack(0x000000f6bb800000,0x000000f6bb900000) (1024K)]
  0x00000290800443c0 JavaThread "Timer-558"                         [_thread_blocked, id=26876, stack(0x000000f6bba00000,0x000000f6bbb00000) (1024K)]
  0x0000029080046b20 JavaThread "Timer-559"                         [_thread_blocked, id=22700, stack(0x000000f6bb100000,0x000000f6bb200000) (1024K)]
  0x0000029080047840 JavaThread "Timer-560"                         [_thread_blocked, id=8964, stack(0x000000f6bbb00000,0x000000f6bbc00000) (1024K)]
  0x000002908003c080 JavaThread "Timer-561"                         [_thread_blocked, id=21832, stack(0x000000f6bac00000,0x000000f6bad00000) (1024K)]
  0x0000029080048560 JavaThread "Timer-562"                         [_thread_blocked, id=24980, stack(0x000000f6bbd00000,0x000000f6bbe00000) (1024K)]
  0x0000029080045770 JavaThread "Timer-563"                         [_thread_blocked, id=25932, stack(0x000000f6bbf00000,0x000000f6bc000000) (1024K)]
  0x00000290800343d0 JavaThread "Timer-564"                         [_thread_blocked, id=29860, stack(0x000000f6b9800000,0x000000f6b9900000) (1024K)]
  0x0000029080046490 JavaThread "Timer-565"                         [_thread_blocked, id=30144, stack(0x000000f6bbe00000,0x000000f6bbf00000) (1024K)]
  0x00000290800436a0 JavaThread "Timer-566"                         [_thread_blocked, id=32484, stack(0x000000f6bb300000,0x000000f6bb400000) (1024K)]
  0x00000290800471b0 JavaThread "Timer-567"                         [_thread_blocked, id=29952, stack(0x000000f6bc000000,0x000000f6bc100000) (1024K)]
  0x00000290800450e0 JavaThread "Timer-568"                         [_thread_blocked, id=18148, stack(0x000000f6bbc00000,0x000000f6bbd00000) (1024K)]
  0x0000029080048bf0 JavaThread "Timer-569"                         [_thread_blocked, id=16032, stack(0x000000f6bc300000,0x000000f6bc400000) (1024K)]
  0x0000029080049280 JavaThread "Timer-570"                         [_thread_blocked, id=4864, stack(0x000000f6bc500000,0x000000f6bc600000) (1024K)]
  0x0000029080049910 JavaThread "Timer-571"                         [_thread_blocked, id=33212, stack(0x000000f6bc400000,0x000000f6bc500000) (1024K)]
  0x0000029080049fa0 JavaThread "Timer-572"                         [_thread_blocked, id=30124, stack(0x000000f6bc700000,0x000000f6bc800000) (1024K)]
  0x0000029080047ed0 JavaThread "Timer-573"                         [_thread_blocked, id=33220, stack(0x000000f6bc100000,0x000000f6bc200000) (1024K)]
  0x00000290629d4890 JavaThread "Timer-574"                         [_thread_blocked, id=33308, stack(0x000000f6bb900000,0x000000f6bba00000) (1024K)]
  0x00000290629d1410 JavaThread "Timer-575"                         [_thread_blocked, id=32916, stack(0x000000f6bc600000,0x000000f6bc700000) (1024K)]
  0x0000029081536190 JavaThread "Timer-576"                         [_thread_blocked, id=32000, stack(0x000000f6bca00000,0x000000f6bcb00000) (1024K)]
  0x0000029081535b00 JavaThread "Timer-577"                         [_thread_blocked, id=31168, stack(0x000000f6bcb00000,0x000000f6bcc00000) (1024K)]
  0x0000029081538260 JavaThread "Timer-578"                         [_thread_blocked, id=27448, stack(0x000000f6bcc00000,0x000000f6bcd00000) (1024K)]
  0x0000029081537540 JavaThread "Timer-579"                         [_thread_blocked, id=30284, stack(0x000000f6bce00000,0x000000f6bcf00000) (1024K)]
  0x0000029081536820 JavaThread "Timer-580"                         [_thread_blocked, id=21320, stack(0x000000f6bc200000,0x000000f6bc300000) (1024K)]
  0x0000029081536eb0 JavaThread "Timer-581"                         [_thread_blocked, id=17148, stack(0x000000f6bcd00000,0x000000f6bce00000) (1024K)]
  0x00000290815388f0 JavaThread "Timer-582"                         [_thread_blocked, id=33320, stack(0x000000f6bc800000,0x000000f6bc900000) (1024K)]
  0x000002908153c400 JavaThread "Timer-583"                         [_thread_blocked, id=29976, stack(0x000000f6bcf00000,0x000000f6bd000000) (1024K)]
  0x0000029081538f80 JavaThread "Timer-584"                         [_thread_blocked, id=21632, stack(0x000000f6bd000000,0x000000f6bd100000) (1024K)]
  0x000002908153ca90 JavaThread "Timer-585"                         [_thread_blocked, id=33600, stack(0x000000f6bd100000,0x000000f6bd200000) (1024K)]
  0x000002908153a330 JavaThread "Timer-586"                         [_thread_blocked, id=8996, stack(0x000000f6bd200000,0x000000f6bd300000) (1024K)]
  0x000002908153a9c0 JavaThread "Timer-587"                         [_thread_blocked, id=30296, stack(0x000000f6b8600000,0x000000f6b8700000) (1024K)]
  0x000002908153b050 JavaThread "Timer-588"                         [_thread_blocked, id=33128, stack(0x000000f6bd300000,0x000000f6bd400000) (1024K)]
  0x0000029081539610 JavaThread "Timer-589"                         [_thread_blocked, id=16704, stack(0x000000f6bd400000,0x000000f6bd500000) (1024K)]
  0x000002908153d120 JavaThread "Timer-590"                         [_thread_blocked, id=33060, stack(0x000000f6bd500000,0x000000f6bd600000) (1024K)]
  0x000002908153d7b0 JavaThread "Timer-591"                         [_thread_blocked, id=32840, stack(0x000000f6bd600000,0x000000f6bd700000) (1024K)]
  0x000002908153de40 JavaThread "Timer-592"                         [_thread_blocked, id=33316, stack(0x000000f6bd700000,0x000000f6bd800000) (1024K)]
  0x000002908153eb60 JavaThread "Timer-593"                         [_thread_blocked, id=33736, stack(0x000000f6bd900000,0x000000f6bda00000) (1024K)]
  0x0000029081537bd0 JavaThread "Timer-594"                         [_thread_blocked, id=33824, stack(0x000000f6ba700000,0x000000f6ba800000) (1024K)]
  0x000002908153e4d0 JavaThread "Timer-595"                         [_thread_blocked, id=33848, stack(0x000000f6bc900000,0x000000f6bca00000) (1024K)]
  0x000002908153b6e0 JavaThread "Timer-596"                         [_thread_blocked, id=33856, stack(0x000000f6bd800000,0x000000f6bd900000) (1024K)]
  0x000002908153f1f0 JavaThread "Timer-597"                         [_thread_blocked, id=34244, stack(0x000000f6bda00000,0x000000f6bdb00000) (1024K)]
  0x000002908153bd70 JavaThread "Timer-598"                         [_thread_blocked, id=34256, stack(0x000000f6bdb00000,0x000000f6bdc00000) (1024K)]
  0x0000029081540c30 JavaThread "Timer-599"                         [_thread_blocked, id=34268, stack(0x000000f6bdc00000,0x000000f6bdd00000) (1024K)]
  0x00000290815405a0 JavaThread "Timer-600"                         [_thread_blocked, id=34276, stack(0x000000f6bdd00000,0x000000f6bde00000) (1024K)]
  0x0000029081542d00 JavaThread "Timer-601"                         [_thread_blocked, id=34508, stack(0x000000f6bde00000,0x000000f6bdf00000) (1024K)]
  0x00000290815412c0 JavaThread "Timer-602"                         [_thread_blocked, id=34520, stack(0x000000f6bdf00000,0x000000f6be000000) (1024K)]
  0x0000029081542670 JavaThread "Timer-603"                         [_thread_blocked, id=34552, stack(0x000000f6be000000,0x000000f6be100000) (1024K)]
  0x000002908153f880 JavaThread "Timer-604"                         [_thread_blocked, id=32720, stack(0x000000f6be300000,0x000000f6be400000) (1024K)]
  0x0000029081543390 JavaThread "Timer-605"                         [_thread_blocked, id=33828, stack(0x000000f6be400000,0x000000f6be500000) (1024K)]
  0x0000029081541fe0 JavaThread "Timer-606"                         [_thread_blocked, id=33908, stack(0x000000f6be100000,0x000000f6be200000) (1024K)]
  0x000002908153ff10 JavaThread "Timer-607"                         [_thread_blocked, id=33888, stack(0x000000f6be500000,0x000000f6be600000) (1024K)]
  0x0000029081535470 JavaThread "Timer-608"                         [_thread_blocked, id=33740, stack(0x000000f6b9b00000,0x000000f6b9c00000) (1024K)]
  0x0000029081545af0 JavaThread "Timer-609"                         [_thread_blocked, id=33048, stack(0x000000f6be600000,0x000000f6be700000) (1024K)]
  0x0000029081546180 JavaThread "Timer-610"                         [_thread_blocked, id=30436, stack(0x000000f6be700000,0x000000f6be800000) (1024K)]
  0x00000290815440b0 JavaThread "Timer-611"                         [_thread_blocked, id=32652, stack(0x000000f6be800000,0x000000f6be900000) (1024K)]
  0x0000029081544740 JavaThread "Timer-612"                         [_thread_blocked, id=13408, stack(0x000000f6be900000,0x000000f6bea00000) (1024K)]
  0x0000029081544dd0 JavaThread "Timer-613"                         [_thread_blocked, id=32972, stack(0x000000f6bea00000,0x000000f6beb00000) (1024K)]
  0x0000029081541950 JavaThread "Timer-614"                         [_thread_blocked, id=27176, stack(0x000000f6beb00000,0x000000f6bec00000) (1024K)]
  0x00000290815488e0 JavaThread "Timer-615"                         [_thread_blocked, id=19648, stack(0x000000f6bec00000,0x000000f6bed00000) (1024K)]
  0x0000029081546810 JavaThread "Timer-616"                         [_thread_blocked, id=25832, stack(0x000000f6bed00000,0x000000f6bee00000) (1024K)]
  0x0000029081546ea0 JavaThread "Timer-617"                         [_thread_blocked, id=26372, stack(0x000000f6bee00000,0x000000f6bef00000) (1024K)]
  0x000002908154a9b0 JavaThread "Timer-618"                         [_thread_blocked, id=33448, stack(0x000000f6bf100000,0x000000f6bf200000) (1024K)]
  0x0000029081548f70 JavaThread "Timer-619"                         [_thread_blocked, id=27324, stack(0x000000f6bf200000,0x000000f6bf300000) (1024K)]
  0x0000029081549c90 JavaThread "Timer-620"                         [_thread_blocked, id=32728, stack(0x000000f6bf300000,0x000000f6bf400000) (1024K)]
  0x0000029081549600 JavaThread "Timer-621"                         [_thread_blocked, id=28536, stack(0x000000f6bf500000,0x000000f6bf600000) (1024K)]
  0x0000029081545460 JavaThread "Timer-622"                         [_thread_blocked, id=27652, stack(0x000000f6bef00000,0x000000f6bf000000) (1024K)]
  0x0000029081543a20 JavaThread "Timer-623"                         [_thread_blocked, id=30684, stack(0x000000f6be200000,0x000000f6be300000) (1024K)]
  0x000002908154a320 JavaThread "Timer-624"                         [_thread_blocked, id=13080, stack(0x000000f6bf400000,0x000000f6bf500000) (1024K)]
  0x000002908154b6d0 JavaThread "Timer-625"                         [_thread_blocked, id=1164, stack(0x000000f6bf800000,0x000000f6bf900000) (1024K)]
  0x0000029081548250 JavaThread "Timer-626"                         [_thread_blocked, id=24688, stack(0x000000f6bf900000,0x000000f6bfa00000) (1024K)]
  0x000002908154bd60 JavaThread "Timer-627"                         [_thread_blocked, id=27864, stack(0x000000f6bfa00000,0x000000f6bfb00000) (1024K)]
  0x000002908154c3f0 JavaThread "Timer-628"                         [_thread_blocked, id=31644, stack(0x000000f6bfb00000,0x000000f6bfc00000) (1024K)]
  0x000002908154d110 JavaThread "Timer-629"                         [_thread_blocked, id=31776, stack(0x000000f6bf700000,0x000000f6bf800000) (1024K)]
  0x000002908154d7a0 JavaThread "Timer-630"                         [_thread_blocked, id=32112, stack(0x000000f6bfd00000,0x000000f6bfe00000) (1024K)]
  0x0000029081547530 JavaThread "Timer-631"                         [_thread_blocked, id=26160, stack(0x000000f6bf000000,0x000000f6bf100000) (1024K)]
  0x000002908154de30 JavaThread "Timer-632"                         [_thread_blocked, id=17748, stack(0x000000f6bff00000,0x000000f6c0000000) (1024K)]
  0x000002908154e4c0 JavaThread "Timer-633"                         [_thread_blocked, id=34020, stack(0x000000f6c0000000,0x000000f6c0100000) (1024K)]
  0x000002908154eb50 JavaThread "Timer-634"                         [_thread_blocked, id=34140, stack(0x000000f6c0100000,0x000000f6c0200000) (1024K)]
  0x000002908154f1e0 JavaThread "Timer-635"                         [_thread_blocked, id=34100, stack(0x000000f6c0300000,0x000000f6c0400000) (1024K)]
  0x00000290815512b0 JavaThread "Timer-636"                         [_thread_blocked, id=34336, stack(0x000000f6bfe00000,0x000000f6bff00000) (1024K)]
  0x000002908154f870 JavaThread "Timer-637"                         [_thread_blocked, id=34332, stack(0x000000f6c0200000,0x000000f6c0300000) (1024K)]
  0x000002908154b040 JavaThread "Timer-638"                         [_thread_blocked, id=34496, stack(0x000000f6bf600000,0x000000f6bf700000) (1024K)]
  0x000002908154ff00 JavaThread "Timer-639"                         [_thread_blocked, id=25276, stack(0x000000f6c0600000,0x000000f6c0700000) (1024K)]
  0x0000029081553a10 JavaThread "Timer-640"                         [_thread_blocked, id=23876, stack(0x000000f6c0700000,0x000000f6c0800000) (1024K)]
  0x0000029081551fd0 JavaThread "Timer-641"                         [_thread_blocked, id=23648, stack(0x000000f6c0800000,0x000000f6c0900000) (1024K)]
  0x0000029081550590 JavaThread "Timer-642"                         [_thread_blocked, id=33200, stack(0x000000f6c0900000,0x000000f6c0a00000) (1024K)]
  0x0000029081552660 JavaThread "Timer-643"                         [_thread_blocked, id=26588, stack(0x000000f6bfc00000,0x000000f6bfd00000) (1024K)]
  0x0000029081552cf0 JavaThread "Timer-644"                         [_thread_blocked, id=1260, stack(0x000000f6c0500000,0x000000f6c0600000) (1024K)]
  0x0000029081550c20 JavaThread "Timer-645"                         [_thread_blocked, id=19812, stack(0x000000f6c0a00000,0x000000f6c0b00000) (1024K)]
  0x0000029081554730 JavaThread "Timer-646"                         [_thread_blocked, id=14872, stack(0x000000f6c0d00000,0x000000f6c0e00000) (1024K)]
  0x0000029081554dc0 JavaThread "Timer-647"                         [_thread_blocked, id=33424, stack(0x000000f6c0e00000,0x000000f6c0f00000) (1024K)]
  0x0000029081551940 JavaThread "Timer-648"                         [_thread_blocked, id=34448, stack(0x000000f6c0f00000,0x000000f6c1000000) (1024K)]
  0x0000029081557520 JavaThread "Timer-649"                         [_thread_blocked, id=19692, stack(0x000000f6c1100000,0x000000f6c1200000) (1024K)]
  0x0000029081555ae0 JavaThread "Timer-650"                         [_thread_blocked, id=33664, stack(0x000000f6c0b00000,0x000000f6c0c00000) (1024K)]
  0x00000290815588d0 JavaThread "Timer-651"                         [_thread_blocked, id=4888, stack(0x000000f6c1200000,0x000000f6c1300000) (1024K)]
  0x0000029081556170 JavaThread "Timer-652"                         [_thread_blocked, id=24700, stack(0x000000f6c1000000,0x000000f6c1100000) (1024K)]
  0x0000029081558f60 JavaThread "Timer-653"                         [_thread_blocked, id=26292, stack(0x000000f6c1400000,0x000000f6c1500000) (1024K)]
  0x0000029081558240 JavaThread "Timer-654"                         [_thread_blocked, id=30136, stack(0x000000f6c1500000,0x000000f6c1600000) (1024K)]
  0x00000290815595f0 JavaThread "Timer-655"                         [_thread_blocked, id=29172, stack(0x000000f6c1600000,0x000000f6c1700000) (1024K)]
  0x0000029081557bb0 JavaThread "Timer-656"                         [_thread_blocked, id=13024, stack(0x000000f6c1800000,0x000000f6c1900000) (1024K)]
  0x0000029081559c80 JavaThread "Timer-657"                         [_thread_blocked, id=19528, stack(0x000000f6c0c00000,0x000000f6c0d00000) (1024K)]
  0x0000029081556800 JavaThread "Timer-658"                         [_thread_blocked, id=21548, stack(0x000000f6c1900000,0x000000f6c1a00000) (1024K)]
  0x0000029081556e90 JavaThread "Timer-659"                         [_thread_blocked, id=26576, stack(0x000000f6c1700000,0x000000f6c1800000) (1024K)]
  0x000002908155a9a0 JavaThread "Timer-660"                         [_thread_blocked, id=31788, stack(0x000000f6c1b00000,0x000000f6c1c00000) (1024K)]
  0x000002908155b030 JavaThread "Timer-661"                         [_thread_blocked, id=30888, stack(0x000000f6c1c00000,0x000000f6c1d00000) (1024K)]
  0x000002908155b6c0 JavaThread "Timer-662"                         [_thread_blocked, id=31388, stack(0x000000f6c1d00000,0x000000f6c1e00000) (1024K)]
  0x000002908151c420 JavaThread "Timer-663"                         [_thread_blocked, id=6292, stack(0x000000f6c1e00000,0x000000f6c1f00000) (1024K)]
  0x000002908151d140 JavaThread "Timer-664"                         [_thread_blocked, id=34116, stack(0x000000f6c1a00000,0x000000f6c1b00000) (1024K)]
  0x000002908151b070 JavaThread "Timer-665"                         [_thread_blocked, id=34052, stack(0x000000f6c1f00000,0x000000f6c2000000) (1024K)]
  0x0000029081553380 JavaThread "Timer-666"                         [_thread_blocked, id=18124, stack(0x000000f6c0400000,0x000000f6c0500000) (1024K)]
  0x000002908151f210 JavaThread "Timer-667"                         [_thread_blocked, id=28836, stack(0x000000f6c2000000,0x000000f6c2100000) (1024K)]
  0x000002908151de60 JavaThread "Timer-668"                         [_thread_blocked, id=34180, stack(0x000000f6c2100000,0x000000f6c2200000) (1024K)]
  0x000002908151e4f0 JavaThread "Timer-669"                         [_thread_blocked, id=4332, stack(0x000000f6c2200000,0x000000f6c2300000) (1024K)]
  0x000002908151cab0 JavaThread "Timer-670"                         [_thread_blocked, id=34564, stack(0x000000f6c2400000,0x000000f6c2500000) (1024K)]
  0x000002908151d7d0 JavaThread "Timer-671"                         [_thread_blocked, id=34672, stack(0x000000f699a00000,0x000000f699b00000) (1024K)]
  0x000002908151bd90 JavaThread "Timer-672"                         [_thread_blocked, id=27636, stack(0x000000f699f00000,0x000000f69a000000) (1024K)]
  0x000002908151eb80 JavaThread "Timer-673"                         [_thread_blocked, id=34468, stack(0x000000f6c2300000,0x000000f6c2400000) (1024K)]
  0x00000290815212e0 JavaThread "Timer-674"                         [_thread_blocked, id=33944, stack(0x000000f6c2700000,0x000000f6c2800000) (1024K)]
  0x000002908151ff30 JavaThread "Timer-675"                         [_thread_blocked, id=4432, stack(0x000000f6c2900000,0x000000f6c2a00000) (1024K)]
  0x0000029081521970 JavaThread "Timer-676"                         [_thread_blocked, id=34596, stack(0x000000f6c2800000,0x000000f6c2900000) (1024K)]
  0x0000029081522000 JavaThread "Timer-677"                         [_thread_blocked, id=32400, stack(0x000000f6c2b00000,0x000000f6c2c00000) (1024K)]
  0x000002908151f8a0 JavaThread "Timer-678"                         [_thread_blocked, id=952, stack(0x000000f6c2500000,0x000000f6c2600000) (1024K)]
  0x00000290815205c0 JavaThread "Timer-679"                         [_thread_blocked, id=27668, stack(0x000000f6c2c00000,0x000000f6c2d00000) (1024K)]
  0x0000029081555450 JavaThread "Timer-680"                         [_thread_blocked, id=7972, stack(0x000000f6c1300000,0x000000f6c1400000) (1024K)]
  0x00000290815240d0 JavaThread "Timer-681"                         [_thread_blocked, id=23192, stack(0x000000f6c2e00000,0x000000f6c2f00000) (1024K)]
  0x0000029081525b10 JavaThread "Timer-682"                         [_thread_blocked, id=30412, stack(0x000000f6c2f00000,0x000000f6c3000000) (1024K)]
  0x00000290815261a0 JavaThread "Timer-683"                         [_thread_blocked, id=22680, stack(0x000000f6c3000000,0x000000f6c3100000) (1024K)]
  0x0000029081524df0 JavaThread "Timer-684"                         [_thread_blocked, id=31248, stack(0x000000f6c3200000,0x000000f6c3300000) (1024K)]
  0x0000029081522690 JavaThread "Timer-685"                         [_thread_blocked, id=34008, stack(0x000000f6c2d00000,0x000000f6c2e00000) (1024K)]
  0x00000290815233b0 JavaThread "Timer-686"                         [_thread_blocked, id=34512, stack(0x000000f6c3300000,0x000000f6c3400000) (1024K)]
  0x0000029081525480 JavaThread "Timer-687"                         [_thread_blocked, id=29200, stack(0x000000f6c3100000,0x000000f6c3200000) (1024K)]
  0x0000029081524760 JavaThread "Timer-688"                         [_thread_blocked, id=27240, stack(0x000000f6c3500000,0x000000f6c3600000) (1024K)]
  0x0000029081522d20 JavaThread "Timer-689"                         [_thread_blocked, id=30152, stack(0x000000f6c3600000,0x000000f6c3700000) (1024K)]
  0x0000029081529620 JavaThread "Timer-690"                         [_thread_blocked, id=27568, stack(0x000000f6c3700000,0x000000f6c3800000) (1024K)]
  0x0000029081529cb0 JavaThread "Timer-691"                         [_thread_blocked, id=12924, stack(0x000000f6c3800000,0x000000f6c3900000) (1024K)]
  0x0000029081526830 JavaThread "Timer-692"                         [_thread_blocked, id=33988, stack(0x000000f6c2a00000,0x000000f6c2b00000) (1024K)]
  0x0000029081523a40 JavaThread "Timer-693"                         [_thread_blocked, id=34120, stack(0x000000f6c3900000,0x000000f6c3a00000) (1024K)]
  0x000002908151b700 JavaThread "Timer-694"                         [_thread_blocked, id=32004, stack(0x000000f6c2600000,0x000000f6c2700000) (1024K)]
  0x0000029081527550 JavaThread "Timer-695"                         [_thread_blocked, id=16756, stack(0x000000f6c3c00000,0x000000f6c3d00000) (1024K)]
  0x0000029081528f90 JavaThread "Timer-696"                         [_thread_blocked, id=24652, stack(0x000000f6c3d00000,0x000000f6c3e00000) (1024K)]
  0x0000029081528900 JavaThread "Timer-697"                         [_thread_blocked, id=34176, stack(0x000000f6c3e00000,0x000000f6c3f00000) (1024K)]
  0x000002908152a9d0 JavaThread "Timer-698"                         [_thread_blocked, id=33052, stack(0x000000f6c4000000,0x000000f6c4100000) (1024K)]
  0x000002908152a340 JavaThread "Timer-699"                         [_thread_blocked, id=28244, stack(0x000000f6c3a00000,0x000000f6c3b00000) (1024K)]
  0x0000029081527be0 JavaThread "Timer-700"                         [_thread_blocked, id=31868, stack(0x000000f6c3f00000,0x000000f6c4000000) (1024K)]
  0x000002908152b060 JavaThread "Timer-701"                         [_thread_blocked, id=32288, stack(0x000000f6c4100000,0x000000f6c4200000) (1024K)]
  0x000002908152caa0 JavaThread "Timer-702"                         [_thread_blocked, id=30656, stack(0x000000f6c4300000,0x000000f6c4400000) (1024K)]
  0x000002908152e4e0 JavaThread "Timer-703"                         [_thread_blocked, id=34472, stack(0x000000f6c4400000,0x000000f6c4500000) (1024K)]
  0x000002908152c410 JavaThread "Timer-704"                         [_thread_blocked, id=33096, stack(0x000000f6c4500000,0x000000f6c4600000) (1024K)]
  0x000002908152d130 JavaThread "Timer-705"                         [_thread_blocked, id=17528, stack(0x000000f6c4900000,0x000000f6c4a00000) (1024K)]
  0x0000029081528270 JavaThread "Timer-706"                         [_thread_blocked, id=34660, stack(0x000000f6c4200000,0x000000f6c4300000) (1024K)]
  0x000002908152f200 JavaThread "Timer-707"                         [_thread_blocked, id=33152, stack(0x000000f6c4a00000,0x000000f6c4b00000) (1024K)]
  0x000002908152d7c0 JavaThread "Timer-708"                         [_thread_blocked, id=27276, stack(0x000000f6c4800000,0x000000f6c4900000) (1024K)]
  0x000002908152b6f0 JavaThread "Timer-709"                         [_thread_blocked, id=29968, stack(0x000000f6c4c00000,0x000000f6c4d00000) (1024K)]
  0x000002908152f890 JavaThread "Timer-710"                         [_thread_blocked, id=32740, stack(0x000000f6c4d00000,0x000000f6c4e00000) (1024K)]
  0x00000290815312d0 JavaThread "Timer-711"                         [_thread_blocked, id=31692, stack(0x000000f6c4e00000,0x000000f6c4f00000) (1024K)]
  0x000002908152ff20 JavaThread "Timer-712"                         [_thread_blocked, id=32464, stack(0x000000f6c5000000,0x000000f6c5100000) (1024K)]
  0x00000290815305b0 JavaThread "Timer-713"                         [_thread_blocked, id=29296, stack(0x000000f6c3b00000,0x000000f6c3c00000) (1024K)]
  0x0000029081530c40 JavaThread "Timer-714"                         [_thread_blocked, id=29428, stack(0x000000f6c4f00000,0x000000f6c5000000) (1024K)]
  0x000002908152de50 JavaThread "Timer-715"                         [_thread_blocked, id=26008, stack(0x000000f6c5100000,0x000000f6c5200000) (1024K)]
  0x000002908152eb70 JavaThread "Timer-716"                         [_thread_blocked, id=23828, stack(0x000000f6c5300000,0x000000f6c5400000) (1024K)]
  0x0000029081532d10 JavaThread "Timer-717"                         [_thread_blocked, id=15456, stack(0x000000f6c5400000,0x000000f6c5500000) (1024K)]
  0x0000029081534de0 JavaThread "Timer-718"                         [_thread_blocked, id=11232, stack(0x000000f6c5500000,0x000000f6c5600000) (1024K)]
  0x00000290815333a0 JavaThread "Timer-719"                         [_thread_blocked, id=29748, stack(0x000000f6c5700000,0x000000f6c5800000) (1024K)]
  0x0000029081532680 JavaThread "Timer-720"                         [_thread_blocked, id=3960, stack(0x000000f6c5200000,0x000000f6c5300000) (1024K)]
  0x0000029081531ff0 JavaThread "Timer-721"                         [_thread_blocked, id=24108, stack(0x000000f6c5800000,0x000000f6c5900000) (1024K)]
  0x0000029081520c50 JavaThread "Timer-722"                         [_thread_blocked, id=12120, stack(0x000000f6c3400000,0x000000f6c3500000) (1024K)]
  0x0000029081534750 JavaThread "Timer-723"                         [_thread_blocked, id=32292, stack(0x000000f6c5a00000,0x000000f6c5b00000) (1024K)]
  0x0000029081547bc0 JavaThread "Timer-724"                         [_thread_blocked, id=18816, stack(0x000000f6c5b00000,0x000000f6c5c00000) (1024K)]
  0x000002908154ca80 JavaThread "Timer-725"                         [_thread_blocked, id=2368, stack(0x000000f6c5c00000,0x000000f6c5d00000) (1024K)]
  0x000002908155a310 JavaThread "Timer-726"                         [_thread_blocked, id=32912, stack(0x000000f6c5d00000,0x000000f6c5e00000) (1024K)]
  0x000002908002cdb0 JavaThread "Timer-727"                         [_thread_blocked, id=30036, stack(0x000000f6c5900000,0x000000f6c5a00000) (1024K)]
  0x0000029080039920 JavaThread "Timer-728"                         [_thread_blocked, id=21140, stack(0x000000f6c5f00000,0x000000f6c6000000) (1024K)]
  0x00000290800422f0 JavaThread "Timer-729"                         [_thread_blocked, id=34044, stack(0x000000f6c4b00000,0x000000f6c4c00000) (1024K)]
  0x00000290815340c0 JavaThread "Timer-730"                         [_thread_blocked, id=29460, stack(0x000000f6c6100000,0x000000f6c6200000) (1024K)]
  0x0000029081531960 JavaThread "Timer-731"                         [_thread_blocked, id=34632, stack(0x000000f6c6200000,0x000000f6c6300000) (1024K)]
  0x0000029061b87730 JavaThread "Timer-732"                         [_thread_blocked, id=30632, stack(0x000000f6c6300000,0x000000f6c6400000) (1024K)]
  0x0000029061b86380 JavaThread "Timer-733"                         [_thread_blocked, id=31616, stack(0x000000f6c6400000,0x000000f6c6500000) (1024K)]
  0x00000290831e5e40 JavaThread "Timer-734"                         [_thread_blocked, id=34364, stack(0x000000f6c6000000,0x000000f6c6100000) (1024K)]
  0x00000290831e29c0 JavaThread "Timer-735"                         [_thread_blocked, id=2076, stack(0x000000f6c6500000,0x000000f6c6600000) (1024K)]
  0x00000290831e64d0 JavaThread "Timer-736"                         [_thread_blocked, id=34532, stack(0x000000f6b8000000,0x000000f6b8100000) (1024K)]
  0x00000290831e5120 JavaThread "Timer-737"                         [_thread_blocked, id=22468, stack(0x000000f6c5600000,0x000000f6c5700000) (1024K)]
  0x00000290831e4a90 JavaThread "Timer-738"                         [_thread_blocked, id=30204, stack(0x000000f6c5e00000,0x000000f6c5f00000) (1024K)]
  0x00000290831e3050 JavaThread "Timer-739"                         [_thread_blocked, id=30372, stack(0x000000f6c6600000,0x000000f6c6700000) (1024K)]
  0x00000290831e6b60 JavaThread "Timer-740"                         [_thread_blocked, id=33260, stack(0x000000f6c6700000,0x000000f6c6800000) (1024K)]
  0x00000290831e36e0 JavaThread "Timer-741"                         [_thread_blocked, id=34372, stack(0x000000f6c6800000,0x000000f6c6900000) (1024K)]
  0x00000290831e71f0 JavaThread "Timer-742"                         [_thread_blocked, id=34628, stack(0x000000f6c6900000,0x000000f6c6a00000) (1024K)]
  0x00000290831e3d70 JavaThread "Timer-743"                         [_thread_blocked, id=16084, stack(0x000000f6c6a00000,0x000000f6c6b00000) (1024K)]
  0x00000290831e9950 JavaThread "Timer-744"                         [_thread_blocked, id=26596, stack(0x000000f6c6d00000,0x000000f6c6e00000) (1024K)]
  0x00000290831ead00 JavaThread "Timer-745"                         [_thread_blocked, id=31688, stack(0x000000f6c6e00000,0x000000f6c6f00000) (1024K)]
  0x00000290831eb390 JavaThread "Timer-746"                         [_thread_blocked, id=34796, stack(0x000000f6c6f00000,0x000000f6c7000000) (1024K)]
  0x00000290831e8c30 JavaThread "Timer-747"                         [_thread_blocked, id=34592, stack(0x000000f6c7000000,0x000000f6c7100000) (1024K)]
  0x00000290831e57b0 JavaThread "Timer-748"                         [_thread_blocked, id=31820, stack(0x000000f6c6c00000,0x000000f6c6d00000) (1024K)]
  0x00000290831e4400 JavaThread "Timer-749"                         [_thread_blocked, id=1948, stack(0x000000f6b8200000,0x000000f6b8300000) (1024K)]
  0x00000290831e7f10 JavaThread "Timer-750"                         [_thread_blocked, id=32832, stack(0x000000f6c7100000,0x000000f6c7200000) (1024K)]
  0x00000290831e85a0 JavaThread "Timer-751"                         [_thread_blocked, id=30920, stack(0x000000f6c7400000,0x000000f6c7500000) (1024K)]
  0x00000290831ea670 JavaThread "Timer-752"                         [_thread_blocked, id=34240, stack(0x000000f6c7500000,0x000000f6c7600000) (1024K)]
  0x00000290831eba20 JavaThread "Timer-753"                         [_thread_blocked, id=21076, stack(0x000000f6c7600000,0x000000f6c7700000) (1024K)]
  0x00000290831ed460 JavaThread "Timer-754"                         [_thread_blocked, id=34064, stack(0x000000f6c7700000,0x000000f6c7800000) (1024K)]
  0x00000290831ec0b0 JavaThread "Timer-755"                         [_thread_blocked, id=34792, stack(0x000000f6c6b00000,0x000000f6c6c00000) (1024K)]
  0x00000290831ec740 JavaThread "Timer-756"                         [_thread_blocked, id=16120, stack(0x000000f6c7200000,0x000000f6c7300000) (1024K)]
  0x00000290831e92c0 JavaThread "Timer-757"                         [_thread_blocked, id=34368, stack(0x000000f6c7800000,0x000000f6c7900000) (1024K)]
  0x00000290831ee810 JavaThread "Timer-758"                         [_thread_blocked, id=32576, stack(0x000000f6c7b00000,0x000000f6c7c00000) (1024K)]
  0x00000290831edaf0 JavaThread "Timer-759"                         [_thread_blocked, id=33996, stack(0x000000f6c7c00000,0x000000f6c7d00000) (1024K)]
  0x00000290831ee180 JavaThread "Timer-760"                         [_thread_blocked, id=12208, stack(0x000000f6c7d00000,0x000000f6c7e00000) (1024K)]
  0x00000290831ef530 JavaThread "Timer-761"                         [_thread_blocked, id=29836, stack(0x000000f6c7e00000,0x000000f6c7f00000) (1024K)]
  0x00000290831ecdd0 JavaThread "Timer-762"                         [_thread_blocked, id=34056, stack(0x000000f6c7300000,0x000000f6c7400000) (1024K)]
  0x00000290831e9fe0 JavaThread "Timer-763"                         [_thread_blocked, id=34736, stack(0x000000f6c7a00000,0x000000f6c7b00000) (1024K)]
  0x00000290831f08e0 JavaThread "Timer-764"                         [_thread_blocked, id=28296, stack(0x000000f6c7f00000,0x000000f6c8000000) (1024K)]
  0x00000290831f1c90 JavaThread "Timer-765"                         [_thread_blocked, id=8864, stack(0x000000f6c8200000,0x000000f6c8300000) (1024K)]
  0x00000290831eeea0 JavaThread "Timer-766"                         [_thread_blocked, id=33040, stack(0x000000f6c8300000,0x000000f6c8400000) (1024K)]
  0x00000290831f2320 JavaThread "Timer-767"                         [_thread_blocked, id=27468, stack(0x000000f6c8400000,0x000000f6c8500000) (1024K)]
  0x00000290831f29b0 JavaThread "Timer-768"                         [_thread_blocked, id=33488, stack(0x000000f6c8500000,0x000000f6c8600000) (1024K)]
  0x00000290831f3040 JavaThread "Timer-769"                         [_thread_blocked, id=24660, stack(0x000000f6c8100000,0x000000f6c8200000) (1024K)]
  0x00000290831efbc0 JavaThread "Timer-770"                         [_thread_blocked, id=5308, stack(0x000000f6c8600000,0x000000f6c8700000) (1024K)]
  0x00000290831f36d0 JavaThread "Timer-771"                         [_thread_blocked, id=34400, stack(0x000000f6c8700000,0x000000f6c8800000) (1024K)]
  0x00000290831f0f70 JavaThread "Timer-772"                         [_thread_blocked, id=30732, stack(0x000000f6c8a00000,0x000000f6c8b00000) (1024K)]
  0x00000290831f5110 JavaThread "Timer-773"                         [_thread_blocked, id=34388, stack(0x000000f6c8c00000,0x000000f6c8d00000) (1024K)]
  0x00000290831f57a0 JavaThread "Timer-774"                         [_thread_blocked, id=31916, stack(0x000000f6c8b00000,0x000000f6c8c00000) (1024K)]
  0x00000290831f64c0 JavaThread "Timer-775"                         [_thread_blocked, id=32176, stack(0x000000f6c8d00000,0x000000f6c8e00000) (1024K)]
  0x00000290831f3d60 JavaThread "Timer-776"                         [_thread_blocked, id=34808, stack(0x000000f6c8000000,0x000000f6c8100000) (1024K)]
  0x00000290831f1600 JavaThread "Timer-777"                         [_thread_blocked, id=33652, stack(0x000000f6c8e00000,0x000000f6c8f00000) (1024K)]
  0x00000290831e7880 JavaThread "Timer-778"                         [_thread_blocked, id=32804, stack(0x000000f6c7900000,0x000000f6c7a00000) (1024K)]
  0x00000290831f6b50 JavaThread "Timer-779"                         [_thread_blocked, id=34356, stack(0x000000f6c8f00000,0x000000f6c9000000) (1024K)]
  0x00000290831f5e30 JavaThread "Timer-780"                         [_thread_blocked, id=25880, stack(0x000000f6c9000000,0x000000f6c9100000) (1024K)]
  0x00000290831f71e0 JavaThread "Timer-781"                         [_thread_blocked, id=24500, stack(0x000000f6c9100000,0x000000f6c9200000) (1024K)]
  0x00000290831f7870 JavaThread "Timer-782"                         [_thread_blocked, id=29872, stack(0x000000f6c9200000,0x000000f6c9300000) (1024K)]
  0x00000290831f43f0 JavaThread "Timer-783"                         [_thread_blocked, id=33004, stack(0x000000f6c9300000,0x000000f6c9400000) (1024K)]
  0x00000290831f7f00 JavaThread "Timer-784"                         [_thread_blocked, id=15460, stack(0x000000f6c9500000,0x000000f6c9600000) (1024K)]
  0x00000290831f4a80 JavaThread "Timer-785"                         [_thread_blocked, id=31960, stack(0x000000f6c9400000,0x000000f6c9500000) (1024K)]
  0x00000290831f9940 JavaThread "Timer-786"                         [_thread_blocked, id=13384, stack(0x000000f6c9a00000,0x000000f6c9b00000) (1024K)]
  0x00000290831facf0 JavaThread "Timer-787"                         [_thread_blocked, id=27272, stack(0x000000f6c9b00000,0x000000f6c9c00000) (1024K)]
  0x00000290831fb380 JavaThread "Timer-788"                         [_thread_blocked, id=7584, stack(0x000000f6c9c00000,0x000000f6c9d00000) (1024K)]
  0x00000290831f8590 JavaThread "Timer-789"                         [_thread_blocked, id=23592, stack(0x000000f6c9e00000,0x000000f6c9f00000) (1024K)]
  0x00000290831fba10 JavaThread "Timer-790"                         [_thread_blocked, id=33084, stack(0x000000f6c9800000,0x000000f6c9900000) (1024K)]
  0x00000290831fa660 JavaThread "Timer-791"                         [_thread_blocked, id=28340, stack(0x000000f6c9f00000,0x000000f6ca000000) (1024K)]
  0x00000290831fc0a0 JavaThread "Timer-792"                         [_thread_blocked, id=33404, stack(0x000000f6c9d00000,0x000000f6c9e00000) (1024K)]
  0x00000290831fcdc0 JavaThread "Timer-793"                         [_thread_blocked, id=26840, stack(0x000000f6ca200000,0x000000f6ca300000) (1024K)]
  0x00000290831fdae0 JavaThread "Timer-794"                         [_thread_blocked, id=33364, stack(0x000000f6ca400000,0x000000f6ca500000) (1024K)]
  0x00000290832008d0 JavaThread "Timer-795"                         [_thread_blocked, id=33704, stack(0x000000f6ca500000,0x000000f6ca600000) (1024K)]
  0x00000290831fe170 JavaThread "Timer-796"                         [_thread_blocked, id=21052, stack(0x000000f6ca600000,0x000000f6ca700000) (1024K)]
  0x0000029083200240 JavaThread "Timer-797"                         [_thread_blocked, id=33808, stack(0x000000f6ca000000,0x000000f6ca100000) (1024K)]
  0x00000290831fd450 JavaThread "Timer-798"                         [_thread_blocked, id=13672, stack(0x000000f6ca700000,0x000000f6ca800000) (1024K)]
  0x00000290831fc730 JavaThread "Timer-799"                         [_thread_blocked, id=30304, stack(0x000000f6c9600000,0x000000f6c9700000) (1024K)]
  0x00000290831ffbb0 JavaThread "Timer-800"                         [_thread_blocked, id=2148, stack(0x000000f6caa00000,0x000000f6cab00000) (1024K)]
  0x00000290831fe800 JavaThread "Timer-801"                         [_thread_blocked, id=34748, stack(0x000000f6cab00000,0x000000f6cac00000) (1024K)]
  0x0000029083201c80 JavaThread "Timer-802"                         [_thread_blocked, id=33964, stack(0x000000f6cac00000,0x000000f6cad00000) (1024K)]
  0x0000029083202310 JavaThread "Timer-803"                         [_thread_blocked, id=23420, stack(0x000000f6cae00000,0x000000f6caf00000) (1024K)]
  0x0000029083203d50 JavaThread "Timer-804"                         [_thread_blocked, id=31072, stack(0x000000f6ca900000,0x000000f6caa00000) (1024K)]
  0x00000290832029a0 JavaThread "Timer-805"                         [_thread_blocked, id=34492, stack(0x000000f6caf00000,0x000000f6cb000000) (1024K)]
  0x00000290831f92b0 JavaThread "Timer-806"                         [_thread_blocked, id=31772, stack(0x000000f6c9700000,0x000000f6c9800000) (1024K)]
  0x00000290832043e0 JavaThread "Timer-807"                         [_thread_blocked, id=31900, stack(0x000000f6cb100000,0x000000f6cb200000) (1024K)]
  0x0000029083200f60 JavaThread "Timer-808"                         [_thread_blocked, id=24052, stack(0x000000f6cb300000,0x000000f6cb400000) (1024K)]
  0x0000029083204a70 JavaThread "Timer-809"                         [_thread_blocked, id=24908, stack(0x000000f6cb200000,0x000000f6cb300000) (1024K)]
  0x00000290832064b0 JavaThread "Timer-810"                         [_thread_blocked, id=23880, stack(0x000000f6cb500000,0x000000f6cb600000) (1024K)]
  0x0000029083203030 JavaThread "Timer-811"                         [_thread_blocked, id=28596, stack(0x000000f6cad00000,0x000000f6cae00000) (1024K)]
  0x00000290832015f0 JavaThread "Timer-812"                         [_thread_blocked, id=32340, stack(0x000000f6cb600000,0x000000f6cb700000) (1024K)]
  0x0000029083206b40 JavaThread "Timer-813"                         [_thread_blocked, id=33092, stack(0x000000f6ca800000,0x000000f6ca900000) (1024K)]
  0x0000029083205100 JavaThread "Timer-814"                         [_thread_blocked, id=17828, stack(0x000000f6cb400000,0x000000f6cb500000) (1024K)]
  0x0000029083205e20 JavaThread "Timer-815"                         [_thread_blocked, id=22260, stack(0x000000f6cb700000,0x000000f6cb800000) (1024K)]
  0x00000290832036c0 JavaThread "Timer-816"                         [_thread_blocked, id=14676, stack(0x000000f6cb800000,0x000000f6cb900000) (1024K)]
  0x0000029083208c10 JavaThread "Timer-817"                         [_thread_blocked, id=7672, stack(0x000000f6cb900000,0x000000f6cba00000) (1024K)]
  0x00000290831fee90 JavaThread "Timer-818"                         [_thread_blocked, id=21020, stack(0x000000f6ca100000,0x000000f6ca200000) (1024K)]
  0x00000290831ff520 JavaThread "Timer-819"                         [_thread_blocked, id=33556, stack(0x000000f6ca300000,0x000000f6ca400000) (1024K)]
  0x00000290832092a0 JavaThread "Timer-820"                         [_thread_blocked, id=34408, stack(0x000000f6cba00000,0x000000f6cbb00000) (1024K)]
  0x000002908320a650 JavaThread "Timer-821"                         [_thread_blocked, id=26316, stack(0x000000f6cbd00000,0x000000f6cbe00000) (1024K)]
  0x000002908320ace0 JavaThread "Timer-822"                         [_thread_blocked, id=26412, stack(0x000000f6cbe00000,0x000000f6cbf00000) (1024K)]
  0x00000290832071d0 JavaThread "Timer-823"                         [_thread_blocked, id=33852, stack(0x000000f6cbf00000,0x000000f6cc000000) (1024K)]
  0x0000029083207ef0 JavaThread "Timer-824"                         [_thread_blocked, id=34296, stack(0x000000f6cc000000,0x000000f6cc100000) (1024K)]
  0x0000029083208580 JavaThread "Timer-825"                         [_thread_blocked, id=29768, stack(0x000000f6cbc00000,0x000000f6cbd00000) (1024K)]
  0x0000029083209fc0 JavaThread "Timer-826"                         [_thread_blocked, id=25680, stack(0x000000f6cc200000,0x000000f6cc300000) (1024K)]
  0x0000029083207860 JavaThread "Timer-827"                         [_thread_blocked, id=2804, stack(0x000000f6cb000000,0x000000f6cb100000) (1024K)]
  0x000002908320b370 JavaThread "Timer-828"                         [_thread_blocked, id=32880, stack(0x000000f6cc400000,0x000000f6cc500000) (1024K)]
  0x000002908320c090 JavaThread "Timer-829"                         [_thread_blocked, id=30368, stack(0x000000f6cc500000,0x000000f6cc600000) (1024K)]
  0x000002908320cdb0 JavaThread "Timer-830"                         [_thread_blocked, id=34772, stack(0x000000f6cc600000,0x000000f6cc700000) (1024K)]
  0x0000029083209930 JavaThread "Timer-831"                         [_thread_blocked, id=33968, stack(0x000000f6cc800000,0x000000f6cc900000) (1024K)]
  0x000002908320e160 JavaThread "Timer-832"                         [_thread_blocked, id=17836, stack(0x000000f6cc300000,0x000000f6cc400000) (1024K)]
  0x000002908320dad0 JavaThread "Timer-833"                         [_thread_blocked, id=30964, stack(0x000000f6cc700000,0x000000f6cc800000) (1024K)]
  0x0000029083205790 JavaThread "Timer-834"                         [_thread_blocked, id=13680, stack(0x000000f6cbb00000,0x000000f6cbc00000) (1024K)]
  0x000002908320ee80 JavaThread "Timer-835"                         [_thread_blocked, id=27876, stack(0x000000f6ccb00000,0x000000f6ccc00000) (1024K)]
  0x000002908320ba00 JavaThread "Timer-836"                         [_thread_blocked, id=21532, stack(0x000000f6ccd00000,0x000000f6cce00000) (1024K)]
  0x0000029083212300 JavaThread "Timer-837"                         [_thread_blocked, id=33764, stack(0x000000f6ccc00000,0x000000f6ccd00000) (1024K)]
  0x0000029083210230 JavaThread "Timer-838"                         [_thread_blocked, id=34124, stack(0x000000f6ccf00000,0x000000f6cd000000) (1024K)]
  0x000002908320f510 JavaThread "Timer-839"                         [_thread_blocked, id=24612, stack(0x000000f6cc100000,0x000000f6cc200000) (1024K)]
  0x000002908320fba0 JavaThread "Timer-840"                         [_thread_blocked, id=33540, stack(0x000000f6cc900000,0x000000f6cca00000) (1024K)]
  0x000002908320c720 JavaThread "Timer-841"                         [_thread_blocked, id=32388, stack(0x000000f6cce00000,0x000000f6ccf00000) (1024K)]
  0x00000290832108c0 JavaThread "Timer-842"                         [_thread_blocked, id=34732, stack(0x000000f6cd100000,0x000000f6cd200000) (1024K)]
  0x000002908320d440 JavaThread "Timer-843"                         [_thread_blocked, id=32416, stack(0x000000f6cd200000,0x000000f6cd300000) (1024K)]
  0x0000029083213d40 JavaThread "Timer-844"                         [_thread_blocked, id=25016, stack(0x000000f6cd300000,0x000000f6cd400000) (1024K)]
  0x0000029083211c70 JavaThread "Timer-845"                         [_thread_blocked, id=34548, stack(0x000000f6c8900000,0x000000f6c8a00000) (1024K)]
  0x0000029083213020 JavaThread "Timer-846"                         [_thread_blocked, id=34652, stack(0x000000f6cd400000,0x000000f6cd500000) (1024K)]
  0x0000029083212990 JavaThread "Timer-847"                         [_thread_blocked, id=22196, stack(0x000000f6cd700000,0x000000f6cd800000) (1024K)]
  0x00000290832143d0 JavaThread "Timer-848"                         [_thread_blocked, id=27012, stack(0x000000f6cd500000,0x000000f6cd600000) (1024K)]
  0x00000290831f9fd0 JavaThread "Timer-849"                         [_thread_blocked, id=16640, stack(0x000000f6cd600000,0x000000f6cd700000) (1024K)]
  0x0000029083210f50 JavaThread "Timer-850"                         [_thread_blocked, id=31632, stack(0x000000f6cd800000,0x000000f6cd900000) (1024K)]
  0x00000290832164a0 JavaThread "Timer-851"                         [_thread_blocked, id=31724, stack(0x000000f6cda00000,0x000000f6cdb00000) (1024K)]
  0x0000029083214a60 JavaThread "Timer-852"                         [_thread_blocked, id=17916, stack(0x000000f6cdc00000,0x000000f6cdd00000) (1024K)]
  0x0000029083215780 JavaThread "Timer-853"                         [_thread_blocked, id=11472, stack(0x000000f6cdb00000,0x000000f6cdc00000) (1024K)]
  0x0000029083216b30 JavaThread "Timer-854"                         [_thread_blocked, id=25904, stack(0x000000f6cdf00000,0x000000f6ce000000) (1024K)]
  0x00000290832136b0 JavaThread "Timer-855"                         [_thread_blocked, id=8648, stack(0x000000f6cdd00000,0x000000f6cde00000) (1024K)]
  0x00000290832150f0 JavaThread "Timer-856"                         [_thread_blocked, id=9516, stack(0x000000f6ce000000,0x000000f6ce100000) (1024K)]
  0x0000029083217ee0 JavaThread "Timer-857"                         [_thread_blocked, id=26432, stack(0x000000f6ce100000,0x000000f6ce200000) (1024K)]
  0x0000029083218570 JavaThread "Timer-858"                         [_thread_blocked, id=30348, stack(0x000000f6ce200000,0x000000f6ce300000) (1024K)]
  0x0000029083219fb0 JavaThread "Timer-859"                         [_thread_blocked, id=11440, stack(0x000000f6ce300000,0x000000f6ce400000) (1024K)]
  0x0000029083219920 JavaThread "Timer-860"                         [_thread_blocked, id=23616, stack(0x000000f6c9900000,0x000000f6c9a00000) (1024K)]
  0x0000029083219290 JavaThread "Timer-861"                         [_thread_blocked, id=11356, stack(0x000000f6cd000000,0x000000f6cd100000) (1024K)]
  0x000002908321a640 JavaThread "Timer-862"                         [_thread_blocked, id=33468, stack(0x000000f6ce400000,0x000000f6ce500000) (1024K)]
  0x00000290832115e0 JavaThread "Timer-863"                         [_thread_blocked, id=19324, stack(0x000000f6ce600000,0x000000f6ce700000) (1024K)]
  0x0000029083217850 JavaThread "Timer-864"                         [_thread_blocked, id=25588, stack(0x000000f6ce700000,0x000000f6ce800000) (1024K)]
  0x00000290832171c0 JavaThread "Timer-865"                         [_thread_blocked, id=13088, stack(0x000000f6ce800000,0x000000f6ce900000) (1024K)]
  0x000002908321b9f0 JavaThread "Timer-866"                         [_thread_blocked, id=32984, stack(0x000000f6cea00000,0x000000f6ceb00000) (1024K)]
  0x000002908321b360 JavaThread "Timer-867"                         [_thread_blocked, id=7324, stack(0x000000f6ce900000,0x000000f6cea00000) (1024K)]
  0x000002908321c710 JavaThread "Timer-868"                         [_thread_blocked, id=33896, stack(0x000000f6ceb00000,0x000000f6cec00000) (1024K)]
  0x000002908321c080 JavaThread "Timer-869"                         [_thread_blocked, id=30404, stack(0x000000f6cec00000,0x000000f6ced00000) (1024K)]
  0x000002908321d430 JavaThread "Timer-870"                         [_thread_blocked, id=27320, stack(0x000000f6ced00000,0x000000f6cee00000) (1024K)]
  0x000002908321dac0 JavaThread "Timer-871"                         [_thread_blocked, id=25896, stack(0x000000f6cee00000,0x000000f6cef00000) (1024K)]
  0x000002908321e150 JavaThread "Timer-872"                         [_thread_blocked, id=34484, stack(0x000000f6cef00000,0x000000f6cf000000) (1024K)]
  0x000002908321acd0 JavaThread "Timer-873"                         [_thread_blocked, id=3144, stack(0x000000f6cf000000,0x000000f6cf100000) (1024K)]
  0x0000029083220220 JavaThread "Timer-874"                         [_thread_blocked, id=14840, stack(0x000000f6cf100000,0x000000f6cf200000) (1024K)]
  0x000002908321ee70 JavaThread "Timer-875"                         [_thread_blocked, id=28048, stack(0x000000f6cf300000,0x000000f6cf400000) (1024K)]
  0x000002908321f500 JavaThread "Timer-876"                         [_thread_blocked, id=33796, stack(0x000000f6cf200000,0x000000f6cf300000) (1024K)]
  0x0000029083221c60 JavaThread "Timer-877"                         [_thread_blocked, id=3748, stack(0x000000f6cf400000,0x000000f6cf500000) (1024K)]
  0x0000029083220f40 JavaThread "Timer-878"                         [_thread_blocked, id=31608, stack(0x000000f6cf600000,0x000000f6cf700000) (1024K)]
  0x000002908321e7e0 JavaThread "Timer-879"                         [_thread_blocked, id=28564, stack(0x000000f6cf800000,0x000000f6cf900000) (1024K)]
  0x00000290832222f0 JavaThread "Timer-880"                         [_thread_blocked, id=26312, stack(0x000000f6cfa00000,0x000000f6cfb00000) (1024K)]
  0x000002908321fb90 JavaThread "Timer-881"                         [_thread_blocked, id=27476, stack(0x000000f6cf900000,0x000000f6cfa00000) (1024K)]
  0x00000290831f8c20 JavaThread "Timer-882"                         [_thread_blocked, id=11248, stack(0x000000f6cfc00000,0x000000f6cfd00000) (1024K)]
  0x0000029080045e00 JavaThread "Timer-883"                         [_thread_blocked, id=29268, stack(0x000000f6cfb00000,0x000000f6cfc00000) (1024K)]
  0x000002908003ee70 JavaThread "Timer-884"                         [_thread_blocked, id=2432, stack(0x000000f6cfd00000,0x000000f6cfe00000) (1024K)]
  0x000002908320e7f0 JavaThread "Timer-885"                         [_thread_blocked, id=7520, stack(0x000000f6cfe00000,0x000000f6cff00000) (1024K)]
  0x000002906b0cf670 JavaThread "Timer-886"                         [_thread_blocked, id=34196, stack(0x000000f6cff00000,0x000000f6d0000000) (1024K)]
  0x0000029084351930 JavaThread "Timer-887"                         [_thread_blocked, id=30272, stack(0x000000f6d0000000,0x000000f6d0100000) (1024K)]
  0x0000029084351fc0 JavaThread "Timer-888"                         [_thread_blocked, id=33496, stack(0x000000f6cf700000,0x000000f6cf800000) (1024K)]
  0x0000029084352650 JavaThread "Timer-889"                         [_thread_blocked, id=34324, stack(0x000000f6d0100000,0x000000f6d0200000) (1024K)]
  0x0000029084352ce0 JavaThread "Timer-890"                         [_thread_blocked, id=16080, stack(0x000000f6d0200000,0x000000f6d0300000) (1024K)]
  0x0000029084353370 JavaThread "Timer-891"                         [_thread_blocked, id=33804, stack(0x000000f6cf500000,0x000000f6cf600000) (1024K)]
  0x0000029084350c10 JavaThread "Timer-892"                         [_thread_blocked, id=32824, stack(0x000000f6d0300000,0x000000f6d0400000) (1024K)]
  0x0000029084355ad0 JavaThread "Timer-893"                         [_thread_blocked, id=34164, stack(0x000000f6d0a00000,0x000000f6d0b00000) (1024K)]
  0x0000029084357510 JavaThread "Timer-894"                         [_thread_blocked, id=27604, stack(0x000000f6d0b00000,0x000000f6d0c00000) (1024K)]
  0x000002908434fef0 JavaThread "Timer-895"                         [_thread_blocked, id=32480, stack(0x000000f6d0400000,0x000000f6d0500000) (1024K)]
  0x0000029084357ba0 JavaThread "Timer-896"                         [_thread_blocked, id=25032, stack(0x000000f6d0d00000,0x000000f6d0e00000) (1024K)]
  0x0000029084356e80 JavaThread "Timer-897"                         [_thread_blocked, id=22880, stack(0x000000f6d0c00000,0x000000f6d0d00000) (1024K)]
  0x000002908434f860 JavaThread "Worker-34"                         [_thread_blocked, id=18212, stack(0x000000f6cd900000,0x000000f6cda00000) (1024K)]
  0x00000290843588c0 JavaThread "Timer-898"                         [_thread_blocked, id=31372, stack(0x000000f6d1200000,0x000000f6d1300000) (1024K)]
  0x0000029084355440 JavaThread "Timer-899"                         [_thread_blocked, id=32520, stack(0x000000f6d1300000,0x000000f6d1400000) (1024K)]
  0x0000029084359c70 JavaThread "Timer-900"                         [_thread_blocked, id=32516, stack(0x000000f6d1400000,0x000000f6d1500000) (1024K)]
  0x000002908435b6b0 JavaThread "Timer-901"                         [_thread_blocked, id=31408, stack(0x000000f6d1600000,0x000000f6d1700000) (1024K)]
  0x000002908435a300 JavaThread "Timer-902"                         [_thread_blocked, id=31500, stack(0x000000f6d1500000,0x000000f6d1600000) (1024K)]
  0x000002908435bd40 JavaThread "Timer-903"                         [_thread_blocked, id=31904, stack(0x000000f6d1700000,0x000000f6d1800000) (1024K)]
  0x000002908435a990 JavaThread "Timer-904"                         [_thread_blocked, id=31108, stack(0x000000f6d1800000,0x000000f6d1900000) (1024K)]
  0x000002908435c3d0 JavaThread "Timer-905"                         [_thread_blocked, id=32656, stack(0x000000f6d1100000,0x000000f6d1200000) (1024K)]
  0x00000290843595e0 JavaThread "Timer-906"                         [_thread_blocked, id=31136, stack(0x000000f6d1900000,0x000000f6d1a00000) (1024K)]
  0x000002908435ca60 JavaThread "Timer-907"                         [_thread_blocked, id=31336, stack(0x000000f6d1b00000,0x000000f6d1c00000) (1024K)]
  0x000002908435de10 JavaThread "Timer-908"                         [_thread_blocked, id=26944, stack(0x000000f6d1c00000,0x000000f6d1d00000) (1024K)]
  0x00000290843567f0 JavaThread "Timer-909"                         [_thread_blocked, id=25744, stack(0x000000f6d0e00000,0x000000f6d0f00000) (1024K)]
  0x0000029084354090 JavaThread "Timer-910"                         [_thread_blocked, id=16744, stack(0x000000f6d1000000,0x000000f6d1100000) (1024K)]
  0x000002908435d0f0 JavaThread "Timer-911"                         [_thread_blocked, id=31332, stack(0x000000f6d1d00000,0x000000f6d1e00000) (1024K)]
  0x000002908435d780 JavaThread "Timer-912"                         [_thread_blocked, id=32168, stack(0x000000f6d1e00000,0x000000f6d1f00000) (1024K)]
  0x000002908435b020 JavaThread "Timer-913"                         [_thread_blocked, id=26772, stack(0x000000f6d2200000,0x000000f6d2300000) (1024K)]
  0x000002908435f1c0 JavaThread "Timer-914"                         [_thread_blocked, id=32084, stack(0x000000f6d2000000,0x000000f6d2100000) (1024K)]
  0x0000029084361fb0 JavaThread "Timer-915"                         [_thread_blocked, id=34420, stack(0x000000f6d2300000,0x000000f6d2400000) (1024K)]
  0x000002908435f850 JavaThread "Timer-916"                         [_thread_blocked, id=28280, stack(0x000000f6d2400000,0x000000f6d2500000) (1024K)]
  0x0000029084360570 JavaThread "Timer-917"                         [_thread_blocked, id=26504, stack(0x000000f6d2500000,0x000000f6d2600000) (1024K)]
  0x0000029084360c00 JavaThread "Timer-918"                         [_thread_blocked, id=12964, stack(0x000000f6d2600000,0x000000f6d2700000) (1024K)]
  0x0000029084361290 JavaThread "Timer-919"                         [_thread_blocked, id=30468, stack(0x000000f6d2700000,0x000000f6d2800000) (1024K)]
  0x000002908435fee0 JavaThread "Timer-920"                         [_thread_blocked, id=15424, stack(0x000000f6d2800000,0x000000f6d2900000) (1024K)]
  0x000002908435eb30 JavaThread "Timer-921"                         [_thread_blocked, id=14608, stack(0x000000f6d2900000,0x000000f6d2a00000) (1024K)]
  0x0000029084365ac0 JavaThread "Timer-922"                         [_thread_blocked, id=28844, stack(0x000000f6d2a00000,0x000000f6d2b00000) (1024K)]
  0x000002908435e4a0 JavaThread "Timer-923"                         [_thread_blocked, id=29580, stack(0x000000f6d1f00000,0x000000f6d2000000) (1024K)]
  0x0000029084362cd0 JavaThread "Timer-924"                         [_thread_blocked, id=13468, stack(0x000000f6d2b00000,0x000000f6d2c00000) (1024K)]
  0x0000029084358f50 JavaThread "Timer-925"                         [_thread_blocked, id=9676, stack(0x000000f6d1a00000,0x000000f6d1b00000) (1024K)]
  0x0000029084363360 JavaThread "Connection worker"                 [_thread_in_native, id=23088, stack(0x000000f6d2100000,0x000000f6d2200000) (1024K)]
  0x0000029084364080 JavaThread "Timer-926"                         [_thread_blocked, id=32364, stack(0x000000f6d2d00000,0x000000f6d2e00000) (1024K)]
  0x00000290843639f0 JavaThread "pool-391-thread-1"                 [_thread_blocked, id=32440, stack(0x000000f6d2f00000,0x000000f6d3000000) (1024K)]
  0x0000029084361920 JavaThread "Timer-927"                         [_thread_blocked, id=31024, stack(0x000000f6d2e00000,0x000000f6d2f00000) (1024K)]
  0x0000029084354db0 JavaThread "Timer-928"                         [_thread_blocked, id=31588, stack(0x000000f6d0700000,0x000000f6d0800000) (1024K)]
  0x0000029084365430 JavaThread "Timer-929"                         [_thread_blocked, id=6516, stack(0x000000f6d3100000,0x000000f6d3200000) (1024K)]
  0x0000029084364710 JavaThread "Worker-35: Initialize workspace"        [_thread_blocked, id=33064, stack(0x000000f6d3000000,0x000000f6d3100000) (1024K)]
  0x0000029084362640 JavaThread "Timer-930"                         [_thread_blocked, id=32064, stack(0x000000f6d2c00000,0x000000f6d2d00000) (1024K)]
  0x0000029084367b90 JavaThread "Timer-931"                         [_thread_blocked, id=32024, stack(0x000000f6d3200000,0x000000f6d3300000) (1024K)]
  0x0000029084367500 JavaThread "Timer-932"                         [_thread_blocked, id=23580, stack(0x000000f6d3300000,0x000000f6d3400000) (1024K)]
  0x0000029084356160 JavaThread "Worker-36: Initialize Workspace"        [_thread_blocked, id=30900, stack(0x000000f6d0f00000,0x000000f6d1000000) (1024K)]
  0x0000029084368220 JavaThread "Timer-933"                         [_thread_blocked, id=7888, stack(0x000000f6d3700000,0x000000f6d3800000) (1024K)]
  0x0000029084366e70 JavaThread "Timer-934"                         [_thread_blocked, id=21604, stack(0x000000f6d3800000,0x000000f6d3900000) (1024K)]
  0x00000290843695d0 JavaThread "Timer-935"                         [_thread_blocked, id=31020, stack(0x000000f6d3900000,0x000000f6d3a00000) (1024K)]
  0x00000290843688b0 JavaThread "Timer-936"                         [_thread_blocked, id=28852, stack(0x000000f6d3a00000,0x000000f6d3b00000) (1024K)]
  0x0000029084354720 JavaThread "Timer-937"                         [_thread_blocked, id=12656, stack(0x000000f6d0800000,0x000000f6d0900000) (1024K)]
  0x00000290843512a0 JavaThread "Timer-938"                         [_thread_blocked, id=4172, stack(0x000000f6d0900000,0x000000f6d0a00000) (1024K)]
  0x0000029084366150 JavaThread "Timer-939"                         [_thread_blocked, id=27148, stack(0x000000f6d3600000,0x000000f6d3700000) (1024K)]
  0x000002908436b6a0 JavaThread "Timer-940"                         [_thread_blocked, id=29920, stack(0x000000f6d4000000,0x000000f6d4100000) (1024K)]
  0x000002908436a2f0 JavaThread "Timer-941"                         [_thread_blocked, id=21332, stack(0x000000f6d4100000,0x000000f6d4200000) (1024K)]
  0x000002908436d0e0 JavaThread "Timer-942"                         [_thread_blocked, id=30772, stack(0x000000f6d4200000,0x000000f6d4300000) (1024K)]
  0x0000029084369c60 JavaThread "Timer-943"                         [_thread_blocked, id=34264, stack(0x000000f6d4400000,0x000000f6d4500000) (1024K)]
  0x000002908436ca50 JavaThread "Timer-944"                         [_thread_blocked, id=26668, stack(0x000000f6d3f00000,0x000000f6d4000000) (1024K)]
  0x0000029084370bf0 JavaThread "Timer-945"                         [_thread_blocked, id=14380, stack(0x000000f6d4500000,0x000000f6d4600000) (1024K)]
  0x0000029084353a00 JavaThread "Timer-946"                         [_thread_blocked, id=33360, stack(0x000000f6d0500000,0x000000f6d0600000) (1024K)]
  0x0000029084364da0 JavaThread "ProjectImportProgressReporter" daemon [_thread_blocked, id=14004, stack(0x000000f6d3500000,0x000000f6d3600000) (1024K)]
  0x0000029084368f40 JavaThread "Timer-947"                         [_thread_blocked, id=30940, stack(0x000000f6d3b00000,0x000000f6d3c00000) (1024K)]
  0x000002908436b010 JavaThread "Timer-948"                         [_thread_blocked, id=31752, stack(0x000000f6d3e00000,0x000000f6d3f00000) (1024K)]
  0x000002908436bd30 JavaThread "Timer-949"                         [_thread_blocked, id=32360, stack(0x000000f6d3c00000,0x000000f6d3d00000) (1024K)]
  0x000002908436d770 JavaThread "Timer-950"                         [_thread_blocked, id=30944, stack(0x000000f6d4800000,0x000000f6d4900000) (1024K)]
  0x000002908436de00 JavaThread "Timer-951"                         [_thread_blocked, id=31288, stack(0x000000f6d3400000,0x000000f6d3500000) (1024K)]
  0x000002908436a980 JavaThread "Timer-952"                         [_thread_blocked, id=28132, stack(0x000000f6d4300000,0x000000f6d4400000) (1024K)]
  0x0000029084350580 JavaThread "Timer-953"                         [_thread_blocked, id=3628, stack(0x000000f6d0600000,0x000000f6d0700000) (1024K)]
Total: 1004

Other Threads:
  0x000002906e2d6720 VMThread "VM Thread"                           [id=26488, stack(0x000000f694900000,0x000000f694a00000) (1024K)]
  0x000002906e0bca00 WatcherThread "VM Periodic Task Thread"        [id=6232, stack(0x000000f694800000,0x000000f694900000) (1024K)]
  0x000002906e257900 WorkerThread "GC Thread#0"                     [id=4860, stack(0x000000f694700000,0x000000f694800000) (1024K)]
  0x000002907c3f4aa0 WorkerThread "GC Thread#1"                     [id=1984, stack(0x000000f695600000,0x000000f695700000) (1024K)]
  0x000002907c9a70f0 WorkerThread "GC Thread#2"                     [id=24848, stack(0x000000f695700000,0x000000f695800000) (1024K)]
  0x000002907c9a74a0 WorkerThread "GC Thread#3"                     [id=16588, stack(0x000000f695800000,0x000000f695900000) (1024K)]
  0x000002907c9a7850 WorkerThread "GC Thread#4"                     [id=14924, stack(0x000000f695900000,0x000000f695a00000) (1024K)]
  0x000002907c9a7c00 WorkerThread "GC Thread#5"                     [id=6420, stack(0x000000f695a00000,0x000000f695b00000) (1024K)]
  0x000002907c97cd00 WorkerThread "GC Thread#6"                     [id=264, stack(0x000000f695b00000,0x000000f695c00000) (1024K)]
  0x000002907c851b50 WorkerThread "GC Thread#7"                     [id=8576, stack(0x000000f696500000,0x000000f696600000) (1024K)]
  0x000002907c8522b0 WorkerThread "GC Thread#8"                     [id=26972, stack(0x000000f696e00000,0x000000f696f00000) (1024K)]
  0x000002907c852660 WorkerThread "GC Thread#9"                     [id=17232, stack(0x000000f696f00000,0x000000f697000000) (1024K)]
Total: 12

Threads with active compile tasks:
C2 CompilerThread0  1135669 23546 % !   4       org.eclipse.jdt.internal.core.ClasspathEntry::validateClasspath @ 1128 (2720 bytes)
Total: 1

VM state: not at safepoint (normal execution)

VM Mutex/Monitor currently owned by a thread: None

Heap address: 0x0000000080000000, size: 2048 MB, Compressed Oops mode: 32-bit

CDS archive(s) mapped at: [0x000002900f000000-0x000002900fba0000-0x000002900fba0000), size 12189696, SharedBaseAddress: 0x000002900f000000, ArchiveRelocationMode: 1.
Compressed class space mapped at: 0x0000029010000000-0x0000029050000000, reserved size: 1073741824
Narrow klass base: 0x000002900f000000, Narrow klass shift: 0, Narrow klass range: 0x100000000

GC Precious Log:
 CardTable entry size: 512
 CPUs: 12 total, 12 available
 Memory: 7876M
 Large Page Support: Disabled
 NUMA Support: Disabled
 Compressed Oops: Enabled (32-bit)
 Alignments: Space 512K, Generation 512K, Heap 2M
 Heap Min Capacity: 100M
 Heap Initial Capacity: 100M
 Heap Max Capacity: 2G
 Pre-touch: Disabled
 Parallel Workers: 10

Heap:
 PSYoungGen      total 8192K, used 6967K [0x00000000d5580000, 0x00000000d6200000, 0x0000000100000000)
  eden space 7680K, 86% used [0x00000000d5580000,0x00000000d5bf9d40,0x00000000d5d00000)
  from space 512K, 65% used [0x00000000d6180000,0x00000000d61d4010,0x00000000d6200000)
  to   space 512K, 0% used [0x00000000d6100000,0x00000000d6100000,0x00000000d6180000)
 ParOldGen       total 1383424K, used 1383259K [0x0000000080000000, 0x00000000d4700000, 0x00000000d5580000)
  object space 1383424K, 99% used [0x0000000080000000,0x00000000d46d6e80,0x00000000d4700000)
 Metaspace       used 99242K, committed 101760K, reserved 1179648K
  class space    used 11991K, committed 13120K, reserved 1048576K

Card table byte_map: [0x000002906dbd0000,0x000002906dfe0000] _byte_map_base: 0x000002906d7d0000

Marking Bits: (ParMarkBitMap*) 0x00007ffc3acb44a0
 Begin Bits: [0x00000290716e0000, 0x00000290736e0000)
 End Bits:   [0x00000290736e0000, 0x00000290756e0000)

Polling page: 0x000002906c0a0000

Metaspace:

Usage:
  Non-class:     85.21 MB used.
      Class:     11.71 MB used.
       Both:     96.92 MB used.

Virtual space:
  Non-class space:      128.00 MB reserved,      86.56 MB ( 68%) committed,  2 nodes.
      Class space:        1.00 GB reserved,      12.81 MB (  1%) committed,  1 nodes.
             Both:        1.12 GB reserved,      99.38 MB (  9%) committed. 

Chunk freelists:
   Non-Class:  8.62 MB
       Class:  3.20 MB
        Both:  11.83 MB

MaxMetaspaceSize: unlimited
CompressedClassSpaceSize: 1.00 GB
Initial GC threshold: 21.00 MB
Current GC threshold: 155.56 MB
CDS: on
 - commit_granule_bytes: 65536.
 - commit_granule_words: 8192.
 - virtual_space_node_default_size: 8388608.
 - enlarge_chunks_in_place: 1.
 - use_allocation_guard: 0.


Internal statistics:

num_allocs_failed_limit: 9.
num_arena_births: 3180.
num_arena_deaths: 170.
num_vsnodes_births: 3.
num_vsnodes_deaths: 0.
num_space_committed: 1590.
num_space_uncommitted: 0.
num_chunks_returned_to_freelist: 245.
num_chunks_taken_from_freelist: 8103.
num_chunk_merges: 96.
num_chunk_splits: 4985.
num_chunks_enlarged: 2798.
num_inconsistent_stats: 0.

CodeHeap 'non-profiled nmethods': size=120000Kb used=24293Kb max_used=24293Kb free=95706Kb
 bounds [0x0000029007ad0000, 0x0000029009290000, 0x000002900f000000]
CodeHeap 'profiled nmethods': size=120000Kb used=44114Kb max_used=44114Kb free=75885Kb
 bounds [0x0000029000000000, 0x0000029002b20000, 0x0000029007530000]
CodeHeap 'non-nmethods': size=5760Kb used=1480Kb max_used=1543Kb free=4279Kb
 bounds [0x0000029007530000, 0x00000290077a0000, 0x0000029007ad0000]
CodeCache: size=245760Kb, used=69887Kb, max_used=69950Kb, free=175870Kb
 total_blobs=21415, nmethods=20614, adapters=704, full_count=0
Compilation: enabled, stopped_count=0, restarted_count=0

Compilation events (20 events):
Event: 1132.603 Thread 0x0000029076f8a2d0 nmethod 23537 0x0000029002b0c390 code [0x0000029002b0c540, 0x0000029002b0c728]
Event: 1132.603 Thread 0x0000029076f8a2d0 23538       3       org.eclipse.jdt.ls.core.internal.managers.ScalaGradleSupport::addDefaultScalaOutputPath (59 bytes)
Event: 1132.626 Thread 0x0000029076f8a2d0 nmethod 23538 0x0000029002b0c810 code [0x0000029002b0cda0, 0x0000029002b0f950]
Event: 1132.626 Thread 0x0000029076f8a2d0 23539       3       org.eclipse.core.internal.dtree.DeltaDataTree::<init> (20 bytes)
Event: 1132.644 Thread 0x0000029076f8a2d0 nmethod 23539 0x0000029002b10890 code [0x0000029002b10a60, 0x0000029002b10dc8]
Event: 1132.644 Thread 0x0000029076f8a2d0 23540       1       org.eclipse.jdt.ls.core.internal.managers.GradleBuildSupport::buildToolName (3 bytes)
Event: 1132.645 Thread 0x0000029076f8a2d0 nmethod 23540 0x0000029009283690 code [0x0000029009283820, 0x00000290092838f0]
Event: 1132.647 Thread 0x0000029076f8a2d0 23541       3       org.gradle.internal.service.DefaultServiceRegistry::getCollectionService (96 bytes)
Event: 1132.656 Thread 0x0000029076f8a2d0 nmethod 23541 0x0000029002b10f10 code [0x0000029002b11240, 0x0000029002b12718]
Event: 1132.905 Thread 0x000002906e1dd870 23542       4       java.util.ComparableTimSort::sort (219 bytes)
Event: 1132.931 Thread 0x000002906e1dd870 nmethod 23542 0x0000029009283990 code [0x0000029009283c40, 0x00000290092853c0]
Event: 1133.232 Thread 0x0000029076f8a2d0 23543   !   3       org.gradle.tooling.internal.provider.serialization.PayloadSerializer::deserialize (79 bytes)
Event: 1133.241 Thread 0x0000029076f8a2d0 nmethod 23543 0x0000029002b12d10 code [0x0000029002b12fe0, 0x0000029002b13de8]
Event: 1133.847 Thread 0x000002906e1dd870 23544   !   4       java.util.concurrent.ThreadPoolExecutor::interruptIdleWorkers (120 bytes)
Event: 1133.962 Thread 0x000002906e1dd870 nmethod 23544 0x0000029009286110 code [0x00000290092863e0, 0x00000290092875a0]
Event: 1134.023 Thread 0x000002906e1dd870 23545       4       org.eclipse.core.filesystem.URIUtil::toURI (61 bytes)
Event: 1134.041 Thread 0x000002906e1dd870 nmethod 23545 0x0000029009288310 code [0x0000029009288580, 0x0000029009288d90]
Event: 1134.042 Thread 0x000002906e1dd870 23546 % !   4       org.eclipse.jdt.internal.core.ClasspathEntry::validateClasspath @ 1128 (2720 bytes)
Event: 1134.044 Thread 0x0000029076f8a2d0 23547       3       com.google.common.cache.LocalCache$LocalManualCache::put (11 bytes)
Event: 1134.047 Thread 0x0000029076f8a2d0 nmethod 23547 0x0000029002b14490 code [0x0000029002b14640, 0x0000029002b14780]

GC Heap History (20 events):
Event: 1131.664 GC heap before
{Heap before GC invocations=8700 (full 4):
 PSYoungGen      total 9728K, used 9504K [0x00000000d5580000, 0x00000000d6180000, 0x0000000100000000)
  eden space 9216K, 100% used [0x00000000d5580000,0x00000000d5e80000,0x00000000d5e80000)
  from space 512K, 56% used [0x00000000d6100000,0x00000000d6148000,0x00000000d6180000)
  to   space 512K, 0% used [0x00000000d6080000,0x00000000d6080000,0x00000000d6100000)
 ParOldGen       total 1374720K, used 1374560K [0x0000000080000000, 0x00000000d3e80000, 0x00000000d5580000)
  object space 1374720K, 99% used [0x0000000080000000,0x00000000d3e582b0,0x00000000d3e80000)
 Metaspace       used 99236K, committed 101760K, reserved 1179648K
  class space    used 11991K, committed 13120K, reserved 1048576K
}
Event: 1131.679 GC heap after
{Heap after GC invocations=8700 (full 4):
 PSYoungGen      total 9728K, used 320K [0x00000000d5580000, 0x00000000d6180000, 0x0000000100000000)
  eden space 9216K, 0% used [0x00000000d5580000,0x00000000d5580000,0x00000000d5e80000)
  from space 512K, 62% used [0x00000000d6080000,0x00000000d60d0000,0x00000000d6100000)
  to   space 512K, 0% used [0x00000000d6100000,0x00000000d6100000,0x00000000d6180000)
 ParOldGen       total 1374720K, used 1374640K [0x0000000080000000, 0x00000000d3e80000, 0x00000000d5580000)
  object space 1374720K, 99% used [0x0000000080000000,0x00000000d3e6c2b0,0x00000000d3e80000)
 Metaspace       used 99236K, committed 101760K, reserved 1179648K
  class space    used 11991K, committed 13120K, reserved 1048576K
}
Event: 1132.375 GC heap before
{Heap before GC invocations=8701 (full 4):
 PSYoungGen      total 9728K, used 9536K [0x00000000d5580000, 0x00000000d6180000, 0x0000000100000000)
  eden space 9216K, 100% used [0x00000000d5580000,0x00000000d5e80000,0x00000000d5e80000)
  from space 512K, 62% used [0x00000000d6080000,0x00000000d60d0000,0x00000000d6100000)
  to   space 512K, 0% used [0x00000000d6100000,0x00000000d6100000,0x00000000d6180000)
 ParOldGen       total 1374720K, used 1374640K [0x0000000080000000, 0x00000000d3e80000, 0x00000000d5580000)
  object space 1374720K, 99% used [0x0000000080000000,0x00000000d3e6c2b0,0x00000000d3e80000)
 Metaspace       used 99236K, committed 101760K, reserved 1179648K
  class space    used 11991K, committed 13120K, reserved 1048576K
}
Event: 1132.378 GC heap after
{Heap after GC invocations=8701 (full 4):
 PSYoungGen      total 9728K, used 224K [0x00000000d5580000, 0x00000000d6180000, 0x0000000100000000)
  eden space 9216K, 0% used [0x00000000d5580000,0x00000000d5580000,0x00000000d5e80000)
  from space 512K, 43% used [0x00000000d6100000,0x00000000d6138000,0x00000000d6180000)
  to   space 512K, 0% used [0x00000000d6080000,0x00000000d6080000,0x00000000d6100000)
 ParOldGen       total 1375232K, used 1374808K [0x0000000080000000, 0x00000000d3f00000, 0x00000000d5580000)
  object space 1375232K, 99% used [0x0000000080000000,0x00000000d3e962b0,0x00000000d3f00000)
 Metaspace       used 99236K, committed 101760K, reserved 1179648K
  class space    used 11991K, committed 13120K, reserved 1048576K
}
Event: 1132.627 GC heap before
{Heap before GC invocations=8702 (full 4):
 PSYoungGen      total 9728K, used 9439K [0x00000000d5580000, 0x00000000d6180000, 0x0000000100000000)
  eden space 9216K, 99% used [0x00000000d5580000,0x00000000d5e7fff0,0x00000000d5e80000)
  from space 512K, 43% used [0x00000000d6100000,0x00000000d6138000,0x00000000d6180000)
  to   space 512K, 0% used [0x00000000d6080000,0x00000000d6080000,0x00000000d6100000)
 ParOldGen       total 1375232K, used 1374808K [0x0000000080000000, 0x00000000d3f00000, 0x00000000d5580000)
  object space 1375232K, 99% used [0x0000000080000000,0x00000000d3e962b0,0x00000000d3f00000)
 Metaspace       used 99238K, committed 101760K, reserved 1179648K
  class space    used 11991K, committed 13120K, reserved 1048576K
}
Event: 1132.630 GC heap after
{Heap after GC invocations=8702 (full 4):
 PSYoungGen      total 9728K, used 511K [0x00000000d5580000, 0x00000000d6180000, 0x0000000100000000)
  eden space 9216K, 0% used [0x00000000d5580000,0x00000000d5580000,0x00000000d5e80000)
  from space 512K, 99% used [0x00000000d6080000,0x00000000d60ffd40,0x00000000d6100000)
  to   space 512K, 0% used [0x00000000d6100000,0x00000000d6100000,0x00000000d6180000)
 ParOldGen       total 1375744K, used 1375585K [0x0000000080000000, 0x00000000d3f80000, 0x00000000d5580000)
  object space 1375744K, 99% used [0x0000000080000000,0x00000000d3f586e0,0x00000000d3f80000)
 Metaspace       used 99238K, committed 101760K, reserved 1179648K
  class space    used 11991K, committed 13120K, reserved 1048576K
}
Event: 1132.659 GC heap before
{Heap before GC invocations=8703 (full 4):
 PSYoungGen      total 9728K, used 9727K [0x00000000d5580000, 0x00000000d6180000, 0x0000000100000000)
  eden space 9216K, 100% used [0x00000000d5580000,0x00000000d5e80000,0x00000000d5e80000)
  from space 512K, 99% used [0x00000000d6080000,0x00000000d60ffd40,0x00000000d6100000)
  to   space 512K, 0% used [0x00000000d6100000,0x00000000d6100000,0x00000000d6180000)
 ParOldGen       total 1375744K, used 1375585K [0x0000000080000000, 0x00000000d3f80000, 0x00000000d5580000)
  object space 1375744K, 99% used [0x0000000080000000,0x00000000d3f586e0,0x00000000d3f80000)
 Metaspace       used 99239K, committed 101760K, reserved 1179648K
  class space    used 11991K, committed 13120K, reserved 1048576K
}
Event: 1132.667 GC heap after
{Heap after GC invocations=8703 (full 4):
 PSYoungGen      total 9728K, used 512K [0x00000000d5580000, 0x00000000d6280000, 0x0000000100000000)
  eden space 9216K, 0% used [0x00000000d5580000,0x00000000d5580000,0x00000000d5e80000)
  from space 512K, 100% used [0x00000000d6100000,0x00000000d6180000,0x00000000d6180000)
  to   space 2048K, 0% used [0x00000000d5e80000,0x00000000d5e80000,0x00000000d6080000)
 ParOldGen       total 1376768K, used 1376565K [0x0000000080000000, 0x00000000d4080000, 0x00000000d5580000)
  object space 1376768K, 99% used [0x0000000080000000,0x00000000d404d5e8,0x00000000d4080000)
 Metaspace       used 99239K, committed 101760K, reserved 1179648K
  class space    used 11991K, committed 13120K, reserved 1048576K
}
Event: 1132.684 GC heap before
{Heap before GC invocations=8704 (full 4):
 PSYoungGen      total 9728K, used 9727K [0x00000000d5580000, 0x00000000d6280000, 0x0000000100000000)
  eden space 9216K, 99% used [0x00000000d5580000,0x00000000d5e7fff0,0x00000000d5e80000)
  from space 512K, 100% used [0x00000000d6100000,0x00000000d6180000,0x00000000d6180000)
  to   space 2048K, 0% used [0x00000000d5e80000,0x00000000d5e80000,0x00000000d6080000)
 ParOldGen       total 1376768K, used 1376565K [0x0000000080000000, 0x00000000d4080000, 0x00000000d5580000)
  object space 1376768K, 99% used [0x0000000080000000,0x00000000d404d5e8,0x00000000d4080000)
 Metaspace       used 99239K, committed 101760K, reserved 1179648K
  class space    used 11991K, committed 13120K, reserved 1048576K
}
Event: 1132.687 GC heap after
{Heap after GC invocations=8704 (full 4):
 PSYoungGen      total 10240K, used 896K [0x00000000d5580000, 0x00000000d6180000, 0x0000000100000000)
  eden space 9216K, 0% used [0x00000000d5580000,0x00000000d5580000,0x00000000d5e80000)
  from space 1024K, 87% used [0x00000000d5e80000,0x00000000d5f60000,0x00000000d5f80000)
  to   space 1536K, 0% used [0x00000000d6000000,0x00000000d6000000,0x00000000d6180000)
 ParOldGen       total 1377280K, used 1377117K [0x0000000080000000, 0x00000000d4100000, 0x00000000d5580000)
  object space 1377280K, 99% used [0x0000000080000000,0x00000000d40d75e8,0x00000000d4100000)
 Metaspace       used 99239K, committed 101760K, reserved 1179648K
  class space    used 11991K, committed 13120K, reserved 1048576K
}
Event: 1132.735 GC heap before
{Heap before GC invocations=8705 (full 4):
 PSYoungGen      total 10240K, used 10112K [0x00000000d5580000, 0x00000000d6180000, 0x0000000100000000)
  eden space 9216K, 100% used [0x00000000d5580000,0x00000000d5e80000,0x00000000d5e80000)
  from space 1024K, 87% used [0x00000000d5e80000,0x00000000d5f60000,0x00000000d5f80000)
  to   space 1536K, 0% used [0x00000000d6000000,0x00000000d6000000,0x00000000d6180000)
 ParOldGen       total 1377280K, used 1377120K [0x0000000080000000, 0x00000000d4100000, 0x00000000d5580000)
  object space 1377280K, 99% used [0x0000000080000000,0x00000000d40d80f0,0x00000000d4100000)
 Metaspace       used 99239K, committed 101760K, reserved 1179648K
  class space    used 11991K, committed 13120K, reserved 1048576K
}
Event: 1132.741 GC heap after
{Heap after GC invocations=8705 (full 4):
 PSYoungGen      total 9216K, used 1530K [0x00000000d5580000, 0x00000000d6480000, 0x0000000100000000)
  eden space 7680K, 0% used [0x00000000d5580000,0x00000000d5580000,0x00000000d5d00000)
  from space 1536K, 99% used [0x00000000d6000000,0x00000000d617eb78,0x00000000d6180000)
  to   space 3072K, 0% used [0x00000000d5d00000,0x00000000d5d00000,0x00000000d6000000)
 ParOldGen       total 1378304K, used 1378281K [0x0000000080000000, 0x00000000d4200000, 0x00000000d5580000)
  object space 1378304K, 99% used [0x0000000080000000,0x00000000d41fa458,0x00000000d4200000)
 Metaspace       used 99239K, committed 101760K, reserved 1179648K
  class space    used 11991K, committed 13120K, reserved 1048576K
}
Event: 1132.855 GC heap before
{Heap before GC invocations=8706 (full 4):
 PSYoungGen      total 9216K, used 9210K [0x00000000d5580000, 0x00000000d6480000, 0x0000000100000000)
  eden space 7680K, 100% used [0x00000000d5580000,0x00000000d5d00000,0x00000000d5d00000)
  from space 1536K, 99% used [0x00000000d6000000,0x00000000d617eb78,0x00000000d6180000)
  to   space 3072K, 0% used [0x00000000d5d00000,0x00000000d5d00000,0x00000000d6000000)
 ParOldGen       total 1378304K, used 1378281K [0x0000000080000000, 0x00000000d4200000, 0x00000000d5580000)
  object space 1378304K, 99% used [0x0000000080000000,0x00000000d41fa740,0x00000000d4200000)
 Metaspace       used 99239K, committed 101760K, reserved 1179648K
  class space    used 11991K, committed 13120K, reserved 1048576K
}
Event: 1132.884 GC heap after
{Heap after GC invocations=8706 (full 4):
 PSYoungGen      total 10752K, used 3072K [0x00000000d5580000, 0x00000000d6700000, 0x0000000100000000)
  eden space 7680K, 0% used [0x00000000d5580000,0x00000000d5580000,0x00000000d5d00000)
  from space 3072K, 100% used [0x00000000d5d00000,0x00000000d6000000,0x00000000d6000000)
  to   space 5120K, 0% used [0x00000000d6200000,0x00000000d6200000,0x00000000d6700000)
 ParOldGen       total 1380352K, used 1379897K [0x0000000080000000, 0x00000000d4400000, 0x00000000d5580000)
  object space 1380352K, 99% used [0x0000000080000000,0x00000000d438e760,0x00000000d4400000)
 Metaspace       used 99239K, committed 101760K, reserved 1179648K
  class space    used 11991K, committed 13120K, reserved 1048576K
}
Event: 1133.381 GC heap before
{Heap before GC invocations=8707 (full 4):
 PSYoungGen      total 10752K, used 10752K [0x00000000d5580000, 0x00000000d6700000, 0x0000000100000000)
  eden space 7680K, 100% used [0x00000000d5580000,0x00000000d5d00000,0x00000000d5d00000)
  from space 3072K, 100% used [0x00000000d5d00000,0x00000000d6000000,0x00000000d6000000)
  to   space 5120K, 0% used [0x00000000d6200000,0x00000000d6200000,0x00000000d6700000)
 ParOldGen       total 1380352K, used 1379897K [0x0000000080000000, 0x00000000d4400000, 0x00000000d5580000)
  object space 1380352K, 99% used [0x0000000080000000,0x00000000d438e760,0x00000000d4400000)
 Metaspace       used 99242K, committed 101760K, reserved 1179648K
  class space    used 11991K, committed 13120K, reserved 1048576K
}
Event: 1133.387 GC heap after
{Heap after GC invocations=8707 (full 4):
 PSYoungGen      total 8192K, used 496K [0x00000000d5580000, 0x00000000d6280000, 0x0000000100000000)
  eden space 7680K, 0% used [0x00000000d5580000,0x00000000d5580000,0x00000000d5d00000)
  from space 512K, 96% used [0x00000000d6200000,0x00000000d627c010,0x00000000d6280000)
  to   space 2048K, 0% used [0x00000000d5e80000,0x00000000d5e80000,0x00000000d6080000)
 ParOldGen       total 1383424K, used 1382971K [0x0000000080000000, 0x00000000d4700000, 0x00000000d5580000)
  object space 1383424K, 99% used [0x0000000080000000,0x00000000d468ee80,0x00000000d4700000)
 Metaspace       used 99242K, committed 101760K, reserved 1179648K
  class space    used 11991K, committed 13120K, reserved 1048576K
}
Event: 1133.963 GC heap before
{Heap before GC invocations=8708 (full 4):
 PSYoungGen      total 8192K, used 8176K [0x00000000d5580000, 0x00000000d6280000, 0x0000000100000000)
  eden space 7680K, 100% used [0x00000000d5580000,0x00000000d5d00000,0x00000000d5d00000)
  from space 512K, 96% used [0x00000000d6200000,0x00000000d627c010,0x00000000d6280000)
  to   space 2048K, 0% used [0x00000000d5e80000,0x00000000d5e80000,0x00000000d6080000)
 ParOldGen       total 1383424K, used 1382971K [0x0000000080000000, 0x00000000d4700000, 0x00000000d5580000)
  object space 1383424K, 99% used [0x0000000080000000,0x00000000d468ee80,0x00000000d4700000)
 Metaspace       used 99242K, committed 101760K, reserved 1179648K
  class space    used 11991K, committed 13120K, reserved 1048576K
}
Event: 1133.968 GC heap after
{Heap after GC invocations=8708 (full 4):
 PSYoungGen      total 9728K, used 288K [0x00000000d5580000, 0x00000000d6280000, 0x0000000100000000)
  eden space 7680K, 0% used [0x00000000d5580000,0x00000000d5580000,0x00000000d5d00000)
  from space 2048K, 14% used [0x00000000d5e80000,0x00000000d5ec8000,0x00000000d6080000)
  to   space 1024K, 0% used [0x00000000d6180000,0x00000000d6180000,0x00000000d6280000)
 ParOldGen       total 1383424K, used 1383179K [0x0000000080000000, 0x00000000d4700000, 0x00000000d5580000)
  object space 1383424K, 99% used [0x0000000080000000,0x00000000d46c2e80,0x00000000d4700000)
 Metaspace       used 99242K, committed 101760K, reserved 1179648K
  class space    used 11991K, committed 13120K, reserved 1048576K
}
Event: 1134.344 GC heap before
{Heap before GC invocations=8709 (full 4):
 PSYoungGen      total 9728K, used 7968K [0x00000000d5580000, 0x00000000d6280000, 0x0000000100000000)
  eden space 7680K, 100% used [0x00000000d5580000,0x00000000d5d00000,0x00000000d5d00000)
  from space 2048K, 14% used [0x00000000d5e80000,0x00000000d5ec8000,0x00000000d6080000)
  to   space 1024K, 0% used [0x00000000d6180000,0x00000000d6180000,0x00000000d6280000)
 ParOldGen       total 1383424K, used 1383179K [0x0000000080000000, 0x00000000d4700000, 0x00000000d5580000)
  object space 1383424K, 99% used [0x0000000080000000,0x00000000d46c2e80,0x00000000d4700000)
 Metaspace       used 99242K, committed 101760K, reserved 1179648K
  class space    used 11991K, committed 13120K, reserved 1048576K
}
Event: 1135.251 GC heap after
{Heap after GC invocations=8709 (full 4):
 PSYoungGen      total 8192K, used 336K [0x00000000d5580000, 0x00000000d6200000, 0x0000000100000000)
  eden space 7680K, 0% used [0x00000000d5580000,0x00000000d5580000,0x00000000d5d00000)
  from space 512K, 65% used [0x00000000d6180000,0x00000000d61d4010,0x00000000d6200000)
  to   space 512K, 0% used [0x00000000d6100000,0x00000000d6100000,0x00000000d6180000)
 ParOldGen       total 1383424K, used 1383259K [0x0000000080000000, 0x00000000d4700000, 0x00000000d5580000)
  object space 1383424K, 99% used [0x0000000080000000,0x00000000d46d6e80,0x00000000d4700000)
 Metaspace       used 99242K, committed 101760K, reserved 1179648K
  class space    used 11991K, committed 13120K, reserved 1048576K
}

Dll operation events (20 events):
Event: 0.077 Attempting to load shared library C:\Users\jhoni\.vscode\extensions\redhat.java-1.56.0-win32-x64\jre\21.0.12.1-win32-x86_64\bin\jimage.dll
Event: 0.077 Loaded shared library C:\Users\jhoni\.vscode\extensions\redhat.java-1.56.0-win32-x64\jre\21.0.12.1-win32-x86_64\bin\jimage.dll
Event: 0.112 Attempting to load shared library c:\Users\jhoni\.vscode\extensions\redhat.java-1.56.0-win32-x64\jre\21.0.12.1-win32-x86_64\bin\verify.dll
Event: 0.112 Loaded shared library c:\Users\jhoni\.vscode\extensions\redhat.java-1.56.0-win32-x64\jre\21.0.12.1-win32-x86_64\bin\verify.dll
Event: 0.965 Attempting to load shared library C:\Users\jhoni\AppData\Roaming\Code\User\globalStorage\redhat.java\1.56.0\config_win\org.eclipse.equinox.launcher\org.eclipse.equinox.launcher.win32.win32.x86_64_1.3.100.v20260804-1928\eclipse_11924.dll
Event: 0.966 Loaded shared library C:\Users\jhoni\AppData\Roaming\Code\User\globalStorage\redhat.java\1.56.0\config_win\org.eclipse.equinox.launcher\org.eclipse.equinox.launcher.win32.win32.x86_64_1.3.100.v20260804-1928\eclipse_11924.dll
Event: 3.707 Attempting to load shared library C:\Users\jhoni\AppData\Local\Temp\jna-101101676\jna16433380296695425052.dll
Event: 3.846 Loaded shared library C:\Users\jhoni\AppData\Local\Temp\jna-101101676\jna16433380296695425052.dll
Event: 334.381 Attempting to load shared library C:\Users\jhoni\.gradle\native\660c5614fbf4a5f2a75b1949f50a0caf5cd603558e7d8a26e50b933a0cfb79d1\windows-amd64\native-platform.dll
Event: 334.665 Loaded shared library C:\Users\jhoni\.gradle\native\660c5614fbf4a5f2a75b1949f50a0caf5cd603558e7d8a26e50b933a0cfb79d1\windows-amd64\native-platform.dll
Event: 335.087 Attempting to load shared library C:\Users\jhoni\.vscode\extensions\redhat.java-1.56.0-win32-x64\jre\21.0.12.1-win32-x86_64\bin\management.dll
Event: 335.089 Loaded shared library C:\Users\jhoni\.vscode\extensions\redhat.java-1.56.0-win32-x64\jre\21.0.12.1-win32-x86_64\bin\management.dll
Event: 335.093 Attempting to load shared library C:\Users\jhoni\.vscode\extensions\redhat.java-1.56.0-win32-x64\jre\21.0.12.1-win32-x86_64\bin\management_ext.dll
Event: 335.095 Loaded shared library C:\Users\jhoni\.vscode\extensions\redhat.java-1.56.0-win32-x64\jre\21.0.12.1-win32-x86_64\bin\management_ext.dll
Event: 337.513 Attempting to load shared library C:\Users\jhoni\.vscode\extensions\redhat.java-1.56.0-win32-x64\jre\21.0.12.1-win32-x86_64\bin\extnet.dll
Event: 337.514 Loaded shared library C:\Users\jhoni\.vscode\extensions\redhat.java-1.56.0-win32-x64\jre\21.0.12.1-win32-x86_64\bin\extnet.dll
Event: 342.186 Attempting to load shared library C:\Users\jhoni\.vscode\extensions\redhat.java-1.56.0-win32-x64\jre\21.0.12.1-win32-x86_64\bin\sunmscapi.dll
Event: 342.195 Loaded shared library C:\Users\jhoni\.vscode\extensions\redhat.java-1.56.0-win32-x64\jre\21.0.12.1-win32-x86_64\bin\sunmscapi.dll
Event: 512.472 Attempting to load shared library C:\Users\jhoni\.gradle\native\c067742578af261105cb4f569cf0c3c89f3d7b1fecec35dd04571415982c5e48\windows-amd64\native-platform.dll
Event: 512.799 Loaded shared library C:\Users\jhoni\.gradle\native\c067742578af261105cb4f569cf0c3c89f3d7b1fecec35dd04571415982c5e48\windows-amd64\native-platform.dll

Deoptimization events (20 events):
Event: 1096.990 Thread 0x00000290626b65c0 Uncommon trap: trap_request=0xffffff45 fr.pc=0x0000029007fbbcdc relative=0x000000000000041c
Event: 1096.990 Thread 0x00000290626b65c0 Uncommon trap: reason=unstable_if action=reinterpret pc=0x0000029007fbbcdc method=java.util.ImmutableCollections$AbstractImmutableList.equals(Ljava/lang/Object;)Z @ 80 c2
Event: 1096.991 Thread 0x00000290626b65c0 DEOPT PACKING pc=0x0000029007fbbcdc sp=0x000000f6ad6fe650
Event: 1096.991 Thread 0x00000290626b65c0 DEOPT UNPACKING pc=0x0000029007583aa2 sp=0x000000f6ad6fe5e8 mode 2
Event: 1103.808 Thread 0x0000029080bf14a0 DEOPT PACKING pc=0x0000029000fe1a32 sp=0x000000f69e4ff1c0
Event: 1103.810 Thread 0x0000029080bf14a0 DEOPT UNPACKING pc=0x0000029007584242 sp=0x000000f69e4fe698 mode 0
Event: 1114.122 Thread 0x00000290806e0c30 DEOPT PACKING pc=0x0000029000fe1a32 sp=0x000000f69f4ff150
Event: 1114.123 Thread 0x00000290806e0c30 DEOPT UNPACKING pc=0x0000029007584242 sp=0x000000f69f4fe628 mode 0
Event: 1124.539 Thread 0x00000290806e3a20 DEOPT PACKING pc=0x0000029000fe1a32 sp=0x000000f69f0ff130
Event: 1124.540 Thread 0x00000290806e3a20 DEOPT UNPACKING pc=0x0000029007584242 sp=0x000000f69f0fe608 mode 0
Event: 1130.113 Thread 0x0000029084350580 Uncommon trap: trap_request=0xffffffd6 fr.pc=0x000002900920b524 relative=0x00000000000013e4
Event: 1130.113 Thread 0x0000029084353a00 Uncommon trap: trap_request=0xffffffd6 fr.pc=0x000002900920b524 relative=0x00000000000013e4
Event: 1130.115 Thread 0x0000029084353a00 Uncommon trap: reason=array_check action=maybe_recompile pc=0x000002900920b524 method=java.util.ComparableTimSort.binarySort([Ljava/lang/Object;III)V @ 193 c2
Event: 1130.115 Thread 0x0000029084350580 Uncommon trap: reason=array_check action=maybe_recompile pc=0x000002900920b524 method=java.util.ComparableTimSort.binarySort([Ljava/lang/Object;III)V @ 193 c2
Event: 1130.115 Thread 0x0000029084350580 DEOPT PACKING pc=0x000002900920b524 sp=0x000000f6d06fe0f0
Event: 1130.115 Thread 0x0000029084353a00 DEOPT PACKING pc=0x000002900920b524 sp=0x000000f6d05fdfa0
Event: 1130.115 Thread 0x0000029084350580 DEOPT UNPACKING pc=0x0000029007583aa2 sp=0x000000f6d06fdff0 mode 2
Event: 1130.118 Thread 0x0000029084353a00 DEOPT UNPACKING pc=0x0000029007583aa2 sp=0x000000f6d05fdea0 mode 2
Event: 1130.951 Thread 0x000002908436bd30 DEOPT PACKING pc=0x000002900183472e sp=0x000000f6d3cfe920
Event: 1130.951 Thread 0x000002908436bd30 DEOPT UNPACKING pc=0x0000029007584242 sp=0x000000f6d3cfde18 mode 0

Classes loaded (20 events):
Event: 528.428 Loading class java/nio/file/AtomicMoveNotSupportedException
Event: 528.429 Loading class java/nio/file/AtomicMoveNotSupportedException done
Event: 528.545 Loading class java/lang/invoke/BoundMethodHandle$Species_LLLLLLLLLL
Event: 528.545 Loading class java/lang/invoke/BoundMethodHandle$Species_LLLLLLLLLL done
Event: 682.922 Loading class java/util/concurrent/ConcurrentHashMap$KeySpliterator
Event: 682.931 Loading class java/util/concurrent/ConcurrentHashMap$KeySpliterator done
Event: 708.679 Loading class java/util/stream/DistinctOps
Event: 708.681 Loading class java/util/stream/DistinctOps done
Event: 708.681 Loading class java/util/stream/DistinctOps$1
Event: 708.687 Loading class java/util/stream/DistinctOps$1 done
Event: 708.689 Loading class java/util/stream/DistinctOps$1$2
Event: 708.690 Loading class java/util/stream/DistinctOps$1$2 done
Event: 734.675 Loading class java/util/LinkedList$LLSpliterator
Event: 734.812 Loading class java/util/LinkedList$LLSpliterator done
Event: 946.457 Loading class java/net/DatagramPacket
Event: 946.478 Loading class java/net/DatagramPacket done
Event: 1054.533 Loading class sun/net/ConnectionResetException
Event: 1054.550 Loading class sun/net/ConnectionResetException done
Event: 1074.164 Loading class sun/net/util/SocketExceptions
Event: 1074.200 Loading class sun/net/util/SocketExceptions done

Classes unloaded (20 events):
Event: 131.978 Thread 0x000002906e2d6720 Unloading class 0x000002901066d000 'java/lang/invoke/LambdaForm$MH+0x000002901066d000'
Event: 131.978 Thread 0x000002906e2d6720 Unloading class 0x000002901066c800 'java/lang/invoke/LambdaForm$MH+0x000002901066c800'
Event: 131.978 Thread 0x000002906e2d6720 Unloading class 0x000002901066c400 'java/lang/invoke/LambdaForm$MH+0x000002901066c400'
Event: 131.978 Thread 0x000002906e2d6720 Unloading class 0x000002901066bc00 'java/lang/invoke/LambdaForm$MH+0x000002901066bc00'
Event: 131.978 Thread 0x000002906e2d6720 Unloading class 0x000002901066c000 'java/lang/invoke/LambdaForm$MH+0x000002901066c000'
Event: 131.978 Thread 0x000002906e2d6720 Unloading class 0x000002901066b400 'java/lang/invoke/LambdaForm$MH+0x000002901066b400'
Event: 131.978 Thread 0x000002906e2d6720 Unloading class 0x000002901066b000 'java/lang/invoke/LambdaForm$MH+0x000002901066b000'
Event: 131.978 Thread 0x000002906e2d6720 Unloading class 0x000002901066a800 'java/lang/invoke/LambdaForm$MH+0x000002901066a800'
Event: 131.978 Thread 0x000002906e2d6720 Unloading class 0x000002901066ac00 'java/lang/invoke/LambdaForm$MH+0x000002901066ac00'
Event: 131.978 Thread 0x000002906e2d6720 Unloading class 0x000002901066a400 'java/lang/invoke/LambdaForm$MH+0x000002901066a400'
Event: 131.978 Thread 0x000002906e2d6720 Unloading class 0x0000029010669c00 'java/lang/invoke/LambdaForm$MH+0x0000029010669c00'
Event: 131.978 Thread 0x000002906e2d6720 Unloading class 0x0000029010669800 'java/lang/invoke/LambdaForm$MH+0x0000029010669800'
Event: 131.978 Thread 0x000002906e2d6720 Unloading class 0x0000029010669400 'java/lang/invoke/LambdaForm$MH+0x0000029010669400'
Event: 131.978 Thread 0x000002906e2d6720 Unloading class 0x0000029010669000 'java/lang/invoke/LambdaForm$MH+0x0000029010669000'
Event: 131.978 Thread 0x000002906e2d6720 Unloading class 0x0000029010668c00 'java/lang/invoke/LambdaForm$MH+0x0000029010668c00'
Event: 131.978 Thread 0x000002906e2d6720 Unloading class 0x0000029010668800 'java/lang/invoke/LambdaForm$MH+0x0000029010668800'
Event: 131.978 Thread 0x000002906e2d6720 Unloading class 0x0000029010660c00 'java/lang/invoke/LambdaForm$MH+0x0000029010660c00'
Event: 131.978 Thread 0x000002906e2d6720 Unloading class 0x0000029010660800 'java/lang/invoke/LambdaForm$MH+0x0000029010660800'
Event: 131.978 Thread 0x000002906e2d6720 Unloading class 0x0000029010668400 'java/lang/invoke/LambdaForm$MH+0x0000029010668400'
Event: 131.978 Thread 0x000002906e2d6720 Unloading class 0x0000029010660400 'java/lang/invoke/LambdaForm$MH+0x0000029010660400'

Classes redefined (0 events):
No events

Internal exceptions (20 events):
Event: 1132.623 Thread 0x0000029061b870a0 Exception <a 'sun/nio/fs/WindowsException'{0x00000000d5c4ef88}> (0x00000000d5c4ef88) 
thrown [s\src\hotspot\share\prims\jni.cpp, line 520]
Event: 1132.623 Thread 0x0000029061b870a0 Exception <a 'sun/nio/fs/WindowsException'{0x00000000d5c7aec8}> (0x00000000d5c7aec8) 
thrown [s\src\hotspot\share\prims\jni.cpp, line 520]
Event: 1132.623 Thread 0x0000029061b870a0 Exception <a 'sun/nio/fs/WindowsException'{0x00000000d5c7b3a8}> (0x00000000d5c7b3a8) 
thrown [s\src\hotspot\share\prims\jni.cpp, line 520]
Event: 1132.700 Thread 0x0000029084356160 Exception <a 'sun/nio/fs/WindowsException'{0x00000000d5ac49a0}> (0x00000000d5ac49a0) 
thrown [s\src\hotspot\share\prims\jni.cpp, line 520]
Event: 1133.287 Thread 0x0000029084364710 Exception <a 'sun/nio/fs/WindowsException'{0x00000000d5a11c08}> (0x00000000d5a11c08) 
thrown [s\src\hotspot\share\prims\jni.cpp, line 520]
Event: 1134.025 Thread 0x0000029084356160 Exception <a 'sun/nio/fs/WindowsException'{0x00000000d56acfe8}> (0x00000000d56acfe8) 
thrown [s\src\hotspot\share\prims\jni.cpp, line 520]
Event: 1134.025 Thread 0x0000029084356160 Exception <a 'sun/nio/fs/WindowsException'{0x00000000d56adad0}> (0x00000000d56adad0) 
thrown [s\src\hotspot\share\prims\jni.cpp, line 520]
Event: 1134.027 Thread 0x0000029084356160 Exception <a 'sun/nio/fs/WindowsException'{0x00000000d56b5508}> (0x00000000d56b5508) 
thrown [s\src\hotspot\share\prims\jni.cpp, line 520]
Event: 1134.028 Thread 0x0000029084356160 Exception <a 'sun/nio/fs/WindowsException'{0x00000000d56b5ff0}> (0x00000000d56b5ff0) 
thrown [s\src\hotspot\share\prims\jni.cpp, line 520]
Event: 1134.030 Thread 0x0000029084356160 Exception <a 'sun/nio/fs/WindowsException'{0x00000000d56d2ad8}> (0x00000000d56d2ad8) 
thrown [s\src\hotspot\share\prims\jni.cpp, line 520]
Event: 1134.030 Thread 0x0000029084356160 Exception <a 'sun/nio/fs/WindowsException'{0x00000000d56d35c0}> (0x00000000d56d35c0) 
thrown [s\src\hotspot\share\prims\jni.cpp, line 520]
Event: 1134.037 Thread 0x0000029084356160 Exception <a 'sun/nio/fs/WindowsException'{0x00000000d56dae40}> (0x00000000d56dae40) 
thrown [s\src\hotspot\share\prims\jni.cpp, line 520]
Event: 1134.037 Thread 0x0000029084356160 Exception <a 'sun/nio/fs/WindowsException'{0x00000000d56db928}> (0x00000000d56db928) 
thrown [s\src\hotspot\share\prims\jni.cpp, line 520]
Event: 1134.040 Thread 0x0000029084356160 Exception <a 'sun/nio/fs/WindowsException'{0x00000000d56f45a8}> (0x00000000d56f45a8) 
thrown [s\src\hotspot\share\prims\jni.cpp, line 520]
Event: 1134.040 Thread 0x0000029084356160 Exception <a 'sun/nio/fs/WindowsException'{0x00000000d56f5090}> (0x00000000d56f5090) 
thrown [s\src\hotspot\share\prims\jni.cpp, line 520]
Event: 1134.041 Thread 0x0000029084356160 Exception <a 'sun/nio/fs/WindowsException'{0x00000000d56fc940}> (0x00000000d56fc940) 
thrown [s\src\hotspot\share\prims\jni.cpp, line 520]
Event: 1134.041 Thread 0x0000029084356160 Exception <a 'sun/nio/fs/WindowsException'{0x00000000d56fd428}> (0x00000000d56fd428) 
thrown [s\src\hotspot\share\prims\jni.cpp, line 520]
Event: 1134.044 Thread 0x0000029084356160 Exception <a 'sun/nio/fs/WindowsException'{0x00000000d5727f30}> (0x00000000d5727f30) 
thrown [s\src\hotspot\share\prims\jni.cpp, line 520]
Event: 1134.321 Thread 0x0000029061b870a0 Exception <a 'sun/nio/fs/WindowsException'{0x00000000d59a6bf0}> (0x00000000d59a6bf0) 
thrown [s\src\hotspot\share\prims\jni.cpp, line 520]
Event: 1134.321 Thread 0x0000029061b870a0 Exception <a 'sun/nio/fs/WindowsException'{0x00000000d59a76a8}> (0x00000000d59a76a8) 
thrown [s\src\hotspot\share\prims\jni.cpp, line 520]

ZGC Phase Switch (0 events):
No events

VM Operations (20 events):
Event: 1132.375 Executing safepoint VM operation: ParallelGCFailedAllocation (Allocation Failure)
Event: 1132.378 Executing safepoint VM operation: ParallelGCFailedAllocation (Allocation Failure) done
Event: 1132.627 Executing safepoint VM operation: ParallelGCFailedAllocation (Allocation Failure)
Event: 1132.630 Executing safepoint VM operation: ParallelGCFailedAllocation (Allocation Failure) done
Event: 1132.658 Executing safepoint VM operation: ParallelGCFailedAllocation (Allocation Failure)
Event: 1132.667 Executing safepoint VM operation: ParallelGCFailedAllocation (Allocation Failure) done
Event: 1132.684 Executing safepoint VM operation: ParallelGCFailedAllocation (Allocation Failure)
Event: 1132.687 Executing safepoint VM operation: ParallelGCFailedAllocation (Allocation Failure) done
Event: 1132.734 Executing safepoint VM operation: ParallelGCFailedAllocation (Allocation Failure)
Event: 1132.734 Executing safepoint VM operation: ParallelGCFailedAllocation (Allocation Failure) done
Event: 1132.735 Executing safepoint VM operation: ParallelGCSystemGC (GCLocker Initiated GC)
Event: 1132.741 Executing safepoint VM operation: ParallelGCSystemGC (GCLocker Initiated GC) done
Event: 1132.855 Executing safepoint VM operation: ParallelGCFailedAllocation (Allocation Failure)
Event: 1132.884 Executing safepoint VM operation: ParallelGCFailedAllocation (Allocation Failure) done
Event: 1133.381 Executing safepoint VM operation: ParallelGCFailedAllocation (Allocation Failure)
Event: 1133.387 Executing safepoint VM operation: ParallelGCFailedAllocation (Allocation Failure) done
Event: 1133.919 Executing safepoint VM operation: ParallelGCFailedAllocation (Allocation Failure)
Event: 1133.968 Executing safepoint VM operation: ParallelGCFailedAllocation (Allocation Failure) done
Event: 1134.344 Executing safepoint VM operation: ParallelGCFailedAllocation (Allocation Failure)
Event: 1135.252 Executing safepoint VM operation: ParallelGCFailedAllocation (Allocation Failure) done

Memory protections (0 events):
No events

Nmethod flushes (20 events):
Event: 691.809 Thread 0x000002906e2d6720 flushing  nmethod 0x000002900142e810
Event: 691.809 Thread 0x000002906e2d6720 flushing  nmethod 0x0000029001433190
Event: 691.809 Thread 0x000002906e2d6720 flushing  nmethod 0x0000029001447810
Event: 691.809 Thread 0x000002906e2d6720 flushing  nmethod 0x000002900144b190
Event: 691.810 Thread 0x000002906e2d6720 flushing  nmethod 0x000002900145bd90
Event: 691.810 Thread 0x000002906e2d6720 flushing  nmethod 0x000002900145c210
Event: 691.810 Thread 0x000002906e2d6720 flushing  nmethod 0x000002900145f910
Event: 691.810 Thread 0x000002906e2d6720 flushing  nmethod 0x0000029001471c90
Event: 691.810 Thread 0x000002906e2d6720 flushing  nmethod 0x0000029001480e90
Event: 691.810 Thread 0x000002906e2d6720 flushing  nmethod 0x000002900149a790
Event: 691.810 Thread 0x000002906e2d6720 flushing  nmethod 0x00000290014c4f90
Event: 691.810 Thread 0x000002906e2d6720 flushing  nmethod 0x00000290014dda10
Event: 691.810 Thread 0x000002906e2d6720 flushing  nmethod 0x00000290014ec210
Event: 691.810 Thread 0x000002906e2d6720 flushing  nmethod 0x00000290014fac10
Event: 691.810 Thread 0x000002906e2d6720 flushing  nmethod 0x0000029001517990
Event: 691.810 Thread 0x000002906e2d6720 flushing  nmethod 0x000002900151aa90
Event: 691.810 Thread 0x000002906e2d6720 flushing  nmethod 0x0000029001528690
Event: 691.810 Thread 0x000002906e2d6720 flushing  nmethod 0x0000029001548e90
Event: 691.810 Thread 0x000002906e2d6720 flushing  nmethod 0x0000029001664190
Event: 691.810 Thread 0x000002906e2d6720 flushing  nmethod 0x000002900188cf90

Events (20 events):
Event: 1133.233 Thread 0x0000029084350580 Thread exited: 0x0000029084350580
Event: 1133.285 Thread 0x0000029084371910 Thread exited: 0x0000029084371910
Event: 1133.285 Thread 0x000002908436e490 Thread exited: 0x000002908436e490
Event: 1133.286 Thread 0x000002908436c3c0 Thread exited: 0x000002908436c3c0
Event: 1133.286 Thread 0x00000290843667e0 Thread exited: 0x00000290843667e0
Event: 1133.307 Thread 0x0000029084364710 Thread added: 0x0000029084350580
Event: 1133.775 Thread 0x000002908436a980 Thread exited: 0x000002908436a980
Event: 1133.776 Thread 0x000002908436de00 Thread exited: 0x000002908436de00
Event: 1133.780 Thread 0x0000029084356160 Thread added: 0x000002908436de00
Event: 1133.781 Thread 0x0000029084356160 Thread added: 0x000002908436a980
Event: 1133.821 Thread 0x000002908436a980 Thread exited: 0x000002908436a980
Event: 1133.821 Thread 0x0000029084356160 Thread added: 0x000002908436a980
Event: 1133.822 Thread 0x0000029084356160 Thread added: 0x000002908436e490
Event: 1133.847 Thread 0x000002908436e490 Thread exited: 0x000002908436e490
Event: 1133.893 Thread 0x0000029084350580 Thread exited: 0x0000029084350580
Event: 1134.049 Thread 0x0000029084356160 Thread added: 0x0000029084350580
Event: 1134.049 Thread 0x0000029084356160 Thread added: 0x00000290843667e0
Event: 1134.070 Thread 0x00000290843667e0 Thread added: 0x000002908436e490
Event: 1135.253 Thread 0x000002908436e490 Thread exited: 0x000002908436e490
Event: 1135.253 Thread 0x00000290843667e0 Thread exited: 0x00000290843667e0


Dynamic libraries:
0x00007ff64f190000 - 0x00007ff64f19e000 	c:\Users\jhoni\.vscode\extensions\redhat.java-1.56.0-win32-x64\jre\21.0.12.1-win32-x86_64\bin\java.exe
0x00007ffd1bc40000 - 0x00007ffd1bea6000 	C:\WINDOWS\SYSTEM32\ntdll.dll
0x00007ffd1a480000 - 0x00007ffd1a549000 	C:\WINDOWS\System32\KERNEL32.DLL
0x00007ffd190a0000 - 0x00007ffd194a0000 	C:\WINDOWS\System32\KERNELBASE.dll
0x00007ffd15690000 - 0x00007ffd15730000 	C:\WINDOWS\SYSTEM32\apphelp.dll
0x00007ffd19850000 - 0x00007ffd1999c000 	C:\WINDOWS\System32\ucrtbase.dll
0x00007ffcc6750000 - 0x00007ffcc6768000 	c:\Users\jhoni\.vscode\extensions\redhat.java-1.56.0-win32-x64\jre\21.0.12.1-win32-x86_64\bin\jli.dll
0x00007ffcc6b60000 - 0x00007ffcc6b7e000 	c:\Users\jhoni\.vscode\extensions\redhat.java-1.56.0-win32-x64\jre\21.0.12.1-win32-x86_64\bin\VCRUNTIME140.dll
0x00007ffd1a1b0000 - 0x00007ffd1a377000 	C:\WINDOWS\System32\USER32.dll
0x00007ffd196f0000 - 0x00007ffd19717000 	C:\WINDOWS\System32\win32u.dll
0x00007ffd1bbd0000 - 0x00007ffd1bbfb000 	C:\WINDOWS\System32\GDI32.dll
0x00007ffd19720000 - 0x00007ffd1984a000 	C:\WINDOWS\System32\gdi32full.dll
0x00007ffd18eb0000 - 0x00007ffd18f53000 	C:\WINDOWS\System32\msvcp_win.dll
0x00007ffcf7030000 - 0x00007ffcf72c2000 	C:\WINDOWS\WinSxS\amd64_microsoft.windows.common-controls_6595b64144ccf1df_6.0.26100.8544_none_3e0a7398e3328344\COMCTL32.dll
0x00007ffd19a20000 - 0x00007ffd19ac9000 	C:\WINDOWS\System32\msvcrt.dll
0x00007ffd1b320000 - 0x00007ffd1b352000 	C:\WINDOWS\System32\IMM32.DLL
0x00007ffcd2350000 - 0x00007ffcd235c000 	c:\Users\jhoni\.vscode\extensions\redhat.java-1.56.0-win32-x64\jre\21.0.12.1-win32-x86_64\bin\vcruntime140_1.dll
0x00007ffc881b0000 - 0x00007ffc8823d000 	c:\Users\jhoni\.vscode\extensions\redhat.java-1.56.0-win32-x64\jre\21.0.12.1-win32-x86_64\bin\msvcp140.dll
0x00007ffc39ff0000 - 0x00007ffc3ad92000 	c:\Users\jhoni\.vscode\extensions\redhat.java-1.56.0-win32-x64\jre\21.0.12.1-win32-x86_64\bin\server\jvm.dll
0x00007ffd1ab40000 - 0x00007ffd1abf7000 	C:\WINDOWS\System32\ADVAPI32.dll
0x00007ffd1ace0000 - 0x00007ffd1ad8a000 	C:\WINDOWS\System32\sechost.dll
0x00007ffd19f50000 - 0x00007ffd1a068000 	C:\WINDOWS\System32\RPCRT4.dll
0x00007ffd19eb0000 - 0x00007ffd19f31000 	C:\WINDOWS\System32\WS2_32.dll
0x00007ffd16500000 - 0x00007ffd16536000 	C:\WINDOWS\SYSTEM32\WINMM.dll
0x00007ffd18d10000 - 0x00007ffd18d6e000 	C:\WINDOWS\SYSTEM32\POWRPROF.dll
0x00007ffd031f0000 - 0x00007ffd031fb000 	C:\WINDOWS\SYSTEM32\VERSION.dll
0x00007ffd18cf0000 - 0x00007ffd18d04000 	C:\WINDOWS\SYSTEM32\UMPDC.dll
0x00007ffd17bf0000 - 0x00007ffd17c0b000 	C:\WINDOWS\SYSTEM32\kernel.appcore.dll
0x00007ffcd2290000 - 0x00007ffcd229a000 	c:\Users\jhoni\.vscode\extensions\redhat.java-1.56.0-win32-x64\jre\21.0.12.1-win32-x86_64\bin\jimage.dll
0x00007ffd16210000 - 0x00007ffd16452000 	C:\WINDOWS\SYSTEM32\DBGHELP.DLL
0x00007ffd1af90000 - 0x00007ffd1b313000 	C:\WINDOWS\System32\combase.dll
0x00007ffd1ac00000 - 0x00007ffd1acd9000 	C:\WINDOWS\System32\OLEAUT32.dll
0x00007ffd164c0000 - 0x00007ffd164fb000 	C:\WINDOWS\SYSTEM32\dbgcore.DLL
0x00007ffd18f60000 - 0x00007ffd1900c000 	C:\WINDOWS\System32\bcryptPrimitives.dll
0x00007ffccf930000 - 0x00007ffccf93f000 	c:\Users\jhoni\.vscode\extensions\redhat.java-1.56.0-win32-x64\jre\21.0.12.1-win32-x86_64\bin\instrument.dll
0x00007ffcc6580000 - 0x00007ffcc65a0000 	c:\Users\jhoni\.vscode\extensions\redhat.java-1.56.0-win32-x64\jre\21.0.12.1-win32-x86_64\bin\java.dll
0x00007ffd1b360000 - 0x00007ffd1baf2000 	C:\WINDOWS\System32\SHELL32.dll
0x00007ffd169d0000 - 0x00007ffd17256000 	C:\WINDOWS\SYSTEM32\windows.storage.dll
0x00007ffd1a380000 - 0x00007ffd1a47a000 	C:\WINDOWS\System32\SHCORE.dll
0x00007ffd1a110000 - 0x00007ffd1a177000 	C:\WINDOWS\System32\shlwapi.dll
0x00007ffd18dd0000 - 0x00007ffd18df9000 	C:\WINDOWS\SYSTEM32\profapi.dll
0x00007ffcc6560000 - 0x00007ffcc6578000 	c:\Users\jhoni\.vscode\extensions\redhat.java-1.56.0-win32-x64\jre\21.0.12.1-win32-x86_64\bin\zip.dll
0x00007ffcc6b50000 - 0x00007ffcc6b60000 	C:\Users\jhoni\.vscode\extensions\redhat.java-1.56.0-win32-x64\jre\21.0.12.1-win32-x86_64\bin\net.dll
0x00007ffd06630000 - 0x00007ffd06759000 	C:\WINDOWS\SYSTEM32\WINHTTP.dll
0x00007ffd18170000 - 0x00007ffd181dc000 	C:\WINDOWS\system32\mswsock.dll
0x00007ffcc2a20000 - 0x00007ffcc2a36000 	C:\Users\jhoni\.vscode\extensions\redhat.java-1.56.0-win32-x64\jre\21.0.12.1-win32-x86_64\bin\nio.dll
0x00007ffcc6550000 - 0x00007ffcc6560000 	c:\Users\jhoni\.vscode\extensions\redhat.java-1.56.0-win32-x64\jre\21.0.12.1-win32-x86_64\bin\verify.dll
0x00007ffc88850000 - 0x00007ffc88895000 	C:\Users\jhoni\AppData\Roaming\Code\User\globalStorage\redhat.java\1.56.0\config_win\org.eclipse.equinox.launcher\org.eclipse.equinox.launcher.win32.win32.x86_64_1.3.100.v20260804-1928\eclipse_11924.dll
0x00007ffd19bb0000 - 0x00007ffd19d4a000 	C:\WINDOWS\System32\ole32.dll
0x00007ffd18460000 - 0x00007ffd1847b000 	C:\WINDOWS\SYSTEM32\CRYPTSP.dll
0x00007ffd17b50000 - 0x00007ffd17b89000 	C:\WINDOWS\system32\rsaenh.dll
0x00007ffd18220000 - 0x00007ffd18253000 	C:\WINDOWS\SYSTEM32\USERENV.dll
0x00007ffd18da0000 - 0x00007ffd18dca000 	C:\WINDOWS\SYSTEM32\bcrypt.dll
0x00007ffd18480000 - 0x00007ffd1848c000 	C:\WINDOWS\SYSTEM32\CRYPTBASE.dll
0x00007ffd17590000 - 0x00007ffd175c3000 	C:\WINDOWS\SYSTEM32\IPHLPAPI.DLL
0x00007ffd19ad0000 - 0x00007ffd19ada000 	C:\WINDOWS\System32\NSI.dll
0x00007ffc882d0000 - 0x00007ffc88319000 	C:\Users\jhoni\AppData\Local\Temp\jna-101101676\jna16433380296695425052.dll
0x00007ffd1a070000 - 0x00007ffd1a078000 	C:\WINDOWS\System32\PSAPI.DLL
0x00007ffd04e10000 - 0x00007ffd04e2b000 	\\?\C:\WINDOWS\system32\MpeHttpExt.dll
0x00007ffd07260000 - 0x00007ffd0727d000 	C:\WINDOWS\SYSTEM32\dhcpcsvc6.DLL
0x00007ffd070d0000 - 0x00007ffd070f5000 	C:\WINDOWS\SYSTEM32\dhcpcsvc.DLL
0x00007ffcbaea0000 - 0x00007ffcbaec7000 	C:\Users\jhoni\.gradle\native\660c5614fbf4a5f2a75b1949f50a0caf5cd603558e7d8a26e50b933a0cfb79d1\windows-amd64\native-platform.dll
0x00007ffcc1300000 - 0x00007ffcc130a000 	C:\Users\jhoni\.vscode\extensions\redhat.java-1.56.0-win32-x64\jre\21.0.12.1-win32-x86_64\bin\management.dll
0x00007ffcbcd00000 - 0x00007ffcbcd0c000 	C:\Users\jhoni\.vscode\extensions\redhat.java-1.56.0-win32-x64\jre\21.0.12.1-win32-x86_64\bin\management_ext.dll
0x00007ffd087d0000 - 0x00007ffd087d9000 	C:\Users\jhoni\.vscode\extensions\redhat.java-1.56.0-win32-x64\jre\21.0.12.1-win32-x86_64\bin\extnet.dll
0x00007ffcd3690000 - 0x00007ffcd369e000 	C:\Users\jhoni\.vscode\extensions\redhat.java-1.56.0-win32-x64\jre\21.0.12.1-win32-x86_64\bin\sunmscapi.dll
0x00007ffd19570000 - 0x00007ffd196e8000 	C:\WINDOWS\System32\CRYPT32.dll
0x00007ffd18680000 - 0x00007ffd186b0000 	C:\WINDOWS\SYSTEM32\ncrypt.dll
0x00007ffd18630000 - 0x00007ffd1866f000 	C:\WINDOWS\SYSTEM32\NTASN1.dll
0x00007ffce8ea0000 - 0x00007ffce8ea8000 	C:\WINDOWS\system32\wshunix.dll
0x00007ffd17680000 - 0x00007ffd177d6000 	C:\WINDOWS\SYSTEM32\DNSAPI.dll
0x00007ffd17f20000 - 0x00007ffd17f2d000 	C:\WINDOWS\SYSTEM32\DSPARSE.dll
0x00007ffd06760000 - 0x00007ffd0676b000 	C:\Windows\System32\rasadhlp.dll
0x00007ffd07c70000 - 0x00007ffd07cf6000 	C:\WINDOWS\System32\fwpuclnt.dll
0x00007ffcd22a0000 - 0x00007ffcd22c7000 	C:\Users\jhoni\.gradle\native\c067742578af261105cb4f569cf0c3c89f3d7b1fecec35dd04571415982c5e48\windows-amd64\native-platform.dll

JVMTI agents:
c:\Users\jhoni\.vscode\extensions\redhat.java-1.56.0-win32-x64\lombok\lombok-1.18.39-4050.jar path:c:\Users\jhoni\.vscode\extensions\redhat.java-1.56.0-win32-x64\jre\21.0.12.1-win32-x86_64\bin\instrument.dll, loaded, initialized, instrumentlib options:none

dbghelp: loaded successfully - version: 4.0.5 - missing functions: none
symbol engine: initialized successfully - sym options: 0x614 - pdb path: .;c:\Users\jhoni\.vscode\extensions\redhat.java-1.56.0-win32-x64\jre\21.0.12.1-win32-x86_64\bin;C:\WINDOWS\SYSTEM32;C:\WINDOWS\WinSxS\amd64_microsoft.windows.common-controls_6595b64144ccf1df_6.0.26100.8544_none_3e0a7398e3328344;c:\Users\jhoni\.vscode\extensions\redhat.java-1.56.0-win32-x64\jre\21.0.12.1-win32-x86_64\bin\server;C:\Users\jhoni\AppData\Roaming\Code\User\globalStorage\redhat.java\1.56.0\config_win\org.eclipse.equinox.launcher\org.eclipse.equinox.launcher.win32.win32.x86_64_1.3.100.v20260804-1928;C:\Users\jhoni\AppData\Local\Temp\jna-101101676;\\?\C:\WINDOWS\system32;C:\Users\jhoni\.gradle\native\660c5614fbf4a5f2a75b1949f50a0caf5cd603558e7d8a26e50b933a0cfb79d1\windows-amd64;C:\Users\jhoni\.gradle\native\c067742578af261105cb4f569cf0c3c89f3d7b1fecec35dd04571415982c5e48\windows-amd64

VM Arguments:
jvm_args: --add-modules=ALL-SYSTEM --add-opens=java.base/java.util=ALL-UNNAMED --add-opens=java.base/java.lang=ALL-UNNAMED --add-opens=java.base/sun.nio.fs=ALL-UNNAMED -Declipse.application=org.eclipse.jdt.ls.core.id1 -Dosgi.bundles.defaultStartLevel=4 -Declipse.product=org.eclipse.jdt.ls.core.product -Djava.import.generatesMetadataFilesAtProjectRoot=false -Dm2e.project.cache.size=50 -DDetectVMInstallationsJob.disabled=true -Dfile.encoding=utf8 -XX:+UseParallelGC -XX:GCTimeRatio=4 -XX:AdaptiveSizePolicyWeight=90 -Dsun.zip.disableMemoryMapping=true -Xmx2G -Xms100m -Xlog:disable -javaagent:c:\Users\jhoni\.vscode\extensions\redhat.java-1.56.0-win32-x64\lombok\lombok-1.18.39-4050.jar -XX:+HeapDumpOnOutOfMemoryError -XX:HeapDumpPath=c:\Users\jhoni\AppData\Roaming\Code\User\workspaceStorage\85f12ed82ad2f3252b2363eaeb881379\redhat.java -Daether.dependencyCollector.impl=bf 
java_command: c:\Users\jhoni\.vscode\extensions\redhat.java-1.56.0-win32-x64\server\plugins\org.eclipse.equinox.launcher_1.8.0.v20260804-1928.jar -configuration c:\Users\jhoni\AppData\Roaming\Code\User\globalStorage\redhat.java\1.56.0\config_win -data c:\Users\jhoni\AppData\Roaming\Code\User\workspaceStorage\85f12ed82ad2f3252b2363eaeb881379\redhat.java\jdt_ws --stdio
java_class_path (initial): c:\Users\jhoni\.vscode\extensions\redhat.java-1.56.0-win32-x64\server\plugins\org.eclipse.equinox.launcher_1.8.0.v20260804-1928.jar
Launcher Type: SUN_STANDARD

[Global flags]
    uintx AdaptiveSizePolicyWeight                 = 90                                        {product} {command line}
     intx CICompilerCount                          = 4                                         {product} {ergonomic}
    uintx GCTimeRatio                              = 4                                         {product} {command line}
     bool HeapDumpOnOutOfMemoryError               = true                                   {manageable} {command line}
    ccstr HeapDumpPath                             = c:\Users\jhoni\AppData\Roaming\Code\User\workspaceStorage\85f12ed82ad2f3252b2363eaeb881379\redhat.java         {manageable} {command line}
   size_t InitialHeapSize                          = 104857600                                 {product} {command line}
   size_t MaxHeapSize                              = 2147483648                                {product} {command line}
   size_t MaxNewSize                               = 715653120                                 {product} {ergonomic}
   size_t MinHeapDeltaBytes                        = 524288                                    {product} {ergonomic}
   size_t MinHeapSize                              = 104857600                                 {product} {command line}
   size_t NewSize                                  = 34603008                                  {product} {ergonomic}
    uintx NonNMethodCodeHeapSize                   = 5839372                                {pd product} {ergonomic}
    uintx NonProfiledCodeHeapSize                  = 122909434                              {pd product} {ergonomic}
   size_t OldSize                                  = 70254592                                  {product} {ergonomic}
    uintx ProfiledCodeHeapSize                     = 122909434                              {pd product} {ergonomic}
    uintx ReservedCodeCacheSize                    = 251658240                              {pd product} {ergonomic}
     bool SegmentedCodeCache                       = true                                      {product} {ergonomic}
   size_t SoftMaxHeapSize                          = 2147483648                             {manageable} {ergonomic}
     bool UseCompressedOops                        = true                           {product lp64_product} {ergonomic}
     bool UseLargePagesIndividualAllocation        = false                                  {pd product} {ergonomic}
     bool UseParallelGC                            = true                                      {product} {command line}

Logging:
Log output configuration:
 #0: stdout all=off uptime,level,tags foldmultilines=false
 #1: stderr all=off uptime,level,tags foldmultilines=false

Release file:
JAVA_VERSION="21.0.12.1" 
MODULES="java.base java.compiler java.datatransfer java.xml java.prefs java.desktop java.instrument java.logging java.management java.security.sasl java.naming java.rmi java.management.rmi java.net.http java.scripting java.security.jgss java.transaction.xa java.sql java.sql.rowset java.xml.crypto java.se java.smartcardio jdk.accessibility jdk.internal.jvmstat jdk.attach jdk.charsets jdk.internal.opt jdk.zipfs jdk.compiler jdk.crypto.ec jdk.crypto.cryptoki jdk.crypto.mscapi jdk.dynalink jdk.internal.ed jdk.editpad jdk.hotspot.agent jdk.httpserver jdk.internal.le jdk.internal.vm.ci jdk.internal.vm.compiler jdk.internal.vm.compiler.management jdk.jartool jdk.javadoc jdk.jcmd jdk.management jdk.management.agent jdk.jconsole jdk.jdeps jdk.jdwp.agent jdk.jdi jdk.jfr jdk.jshell jdk.jsobject jdk.jstatd jdk.localedata jdk.management.jfr jdk.naming.dns jdk.naming.rmi jdk.net jdk.nio.mapmode jdk.random jdk.sctp jdk.security.auth jdk.security.jgss jdk.unsupported jdk.unsupported.desktop jdk.xml.dom" 

Environment Variables:
JAVA_HOME=C:\Program Files\Eclipse Adoptium\jdk-25.0.1.8-hotspot\
PATH=C:\Program Files\Eclipse Adoptium\jdk-25.0.1.8-hotspot\bin;C:\Program Files\Common Files\Oracle\Java\javapath;C:\Program Files (x86)\Common Files\Oracle\Java\java8path;C:\Program Files (x86)\Common Files\Oracle\Java\javapath;C:\WINDOWS\system32;C:\WINDOWS;C:\WINDOWS\System32\Wbem;C:\WINDOWS\System32\WindowsPowerShell\v1.0\;C:\WINDOWS\System32\OpenSSH\;C:\Program Files\dotnet\;C:\Program Files\nodejs\;C:\Program Files\Microsoft SQL Server\150\Tools\Binn\;C:\Program Files\Microsoft SQL Server\Client SDK\ODBC\170\Tools\Binn\;C:\Program Files\gs\gs10.06.0\bin;C:\Program Files\Git\cmd;C:\Program Files (x86)\Microsoft SQL Server\170\Tools\Binn\;C:\Program Files\Microsoft SQL Server\170\Tools\Binn\;C:\Program Files\Microsoft SQL Server\Client SDK\ODBC\180\Tools\Binn\;C:\Program Files\Microsoft SQL Server\170\DTS\Binn\;C:\Program Files\GitHub CLI\;C:\Users\jhoni\AppData\Local\agy\bin;C:\Program Files\MySQL\MySQL Shell 8.0\bin\;C:\Users\jhoni\AppData\Local\Microsoft\WindowsApps;C:\Users\jhoni\AppData\Roaming\npm;C:\Users\jhoni\AppData\Local\Programs\Microsoft VS Code\bin;C:\Users\jhoni\AppData\Local\GitHubDesktop\bin;C:\Users\jhoni\AppData\Local\Python\bin;C:\Users\jhoni\.dotnet\tools
USERNAME=jhoni
OS=Windows_NT
PROCESSOR_IDENTIFIER=Intel64 Family 6 Model 186 Stepping 3, GenuineIntel
TMP=C:\Users\jhoni\AppData\Local\Temp
TEMP=C:\Users\jhoni\AppData\Local\Temp




Periodic native trim disabled

---------------  S Y S T E M  ---------------

OS:
 Windows 11 , 64 bit Build 26100 (10.0.26100.8575)
OS uptime: 0 days 8:11 hours
Hyper-V role detected

CPU: total 12 (initial active 12) (6 cores per cpu, 2 threads per core) family 6 model 186 stepping 3 microcode 0x6134, cx8, cmov, fxsr, ht, mmx, 3dnowpref, sse, sse2, sse3, ssse3, sse4.1, sse4.2, popcnt, lzcnt, tsc, tscinvbit, avx, avx2, aes, erms, clmul, bmi1, bmi2, adx, sha, fma, vzeroupper, clflush, clflushopt, clwb, hv, serialize, rdtscp, rdpid, fsrm, f16c, cet_ibt, cet_ss
Processor Information for the first 12 processors :
  Max Mhz: 1300, Current Mhz: 1300, Mhz Limit: 1300

Memory: 4k page, system-wide physical 7876M (397M free)
TotalPageFile size 32452M (AvailPageFile size 9M)
current process WorkingSet (physical memory assigned to process): 324M, peak: 1134M
current process commit charge ("private bytes"): 2000M, peak: 2004M

vm_info: OpenJDK 64-Bit Server VM (21.0.12.1+1-LTS) for windows-amd64 JRE (21.0.12.1+1-LTS), built on 2026-08-18T00:00:00Z by "admin" with MS VC++ 17.12 (VS2022)

END.
